Date,ppt,tmin,tmean,tmax,tdmean,vpdmin,vpdmax
1895-01,4.32,21.2,29.2,37.1,18.8,0.82,3.44
1895-02,0.54,14.9,25.1,35.2,15.1,0.8,3.5
1895-03,3.1,34.5,44.5,54.5,32.8,1.26,7.56
1895-04,2.58,47.1,58.7,70.2,45.1,1.74,14.52
1895-05,2.39,54.7,66.6,78.5,53.6,1.73,18.93
1895-06,2.95,64.9,77,89,63.1,2.58,26.95
1895-07,6.65,65.5,76.1,86.7,65.3,1.76,22.15
1895-08,1.91,67,78.3,89.5,65,2.24,26.27
1895-09,2.5,61.7,74.1,86.6,61.2,1.75,24.62
1895-10,0.65,39.1,52.9,66.7,38.9,1.21,13.7
1895-11,7.2,35.1,44.7,54.2,35.2,1,6.91
1895-12,3.72,29.5,37.8,46.2,30.1,0.84,4.56
1896-01,0.95,27.7,34.9,42.1,27.3,0.95,3.61
1896-02,1.95,28.9,37.1,45.4,27.9,1.05,4.83
1896-03,4.16,31.9,40.3,48.8,31.1,1.11,5.38
1896-04,1.84,52.8,64.7,76.6,51.3,1.83,17.84
1896-05,6.68,60.8,72,83.2,60.6,1.57,20.9
1896-06,5.46,64.1,74.4,84.8,63.3,2.02,21
1896-07,5.28,68.8,79,89.2,68,2.24,23.63
1896-08,2.43,66.3,78.4,90.5,65.4,2.04,27.97
1896-09,4.73,57.5,69.2,80.9,56.8,1.44,19.64
1896-10,2.33,43,55.7,68.4,42.9,1.14,13.49
1896-11,3.7,38.9,48.4,57.9,38.1,1.23,7.93
1896-12,1.01,30.5,39.8,49.1,30.7,1.08,5.81
1897-01,3.43,23.2,31.1,39.1,23.7,0.8,3.4
1897-02,4.56,30.1,37.8,45.5,30.4,0.95,4.33
1897-03,10.4,38.8,47.8,56.8,38.9,1.05,7.29
1897-04,6.29,45.2,55.1,65.1,43.8,1.54,10.95
1897-05,2.64,50.3,61.8,73.3,49.6,1.5,15.45
1897-06,4.32,64,74.9,85.8,62.4,2.34,22.77
1897-07,5.82,68.9,78.9,88.9,68.2,2.17,23.05
1897-08,0.66,64.5,76.2,88,64.2,1.77,24.77
1897-09,0.53,58.2,73.5,88.8,56.8,2.06,30.7
1897-10,1.65,49.7,63.7,77.7,50,1.19,19.79
1897-11,5.74,39,48.3,57.6,38.2,1.25,7.96
1897-12,3.33,30.7,37,43.4,30,1.1,3.63
1898-01,6.96,32.5,40,47.6,33,0.86,4.57
1898-02,1.59,30.5,38.9,47.3,29.1,1.2,5.28
1898-03,9.62,41.4,50.6,59.8,41.2,1.16,8.33
1898-04,4.14,44.2,54,63.7,42,1.71,10.59
1898-05,5.14,58.2,68.3,78.5,57.6,1.65,16.88
1898-06,2.59,67.4,78.2,89.1,65.9,2.5,25.19
1898-07,3.22,69.8,79.5,89.2,68.5,2.57,23.38
1898-08,3.66,68,78.4,88.8,67.4,2.1,23.67
1898-09,4.15,63.8,74.3,84.8,63.4,1.8,20.81
1898-10,4.27,47.7,57.1,66.6,48.5,0.96,10.36
1898-11,1.72,34.4,43.8,53.3,32.6,1.32,7.13
1898-12,1.9,25.1,33.9,42.7,25,0.89,4.32
1899-01,4.87,26.1,34,41.9,26.4,0.87,3.84
1899-02,2.5,16.3,25.3,34.2,16.6,0.78,3.04
1899-03,6.45,32,42.1,52.2,31.9,1.01,6.82
1899-04,2.42,47.8,58.1,68.4,45.5,1.84,12.78
1899-05,4.98,58.6,68.8,79,58.3,1.57,17.03
1899-06,3.67,65.9,77,88,65.2,2.34,24.18
1899-07,3.63,66.5,77.9,89.4,65.2,2.4,26.06
1899-08,3.31,68.6,79.7,90.9,66.9,2.71,27.19
1899-09,1.28,57.1,69.7,82.4,56.9,1.58,21.97
1899-10,2.77,50.5,62.5,74.6,50.8,1.16,16.24
1899-11,2.94,42,50.9,59.8,40.7,1.42,8.52
1899-12,3.53,25.6,34.2,42.7,26.2,0.83,4.2
1900-01,2.01,28.3,37,45.7,28.5,0.9,4.76
1900-02,4.2,21.1,30.3,39.5,21.9,0.76,3.81
1900-03,1.82,31.6,42.2,52.8,30.4,1.18,7.37
1900-04,1.49,44.9,56.3,67.8,43,1.66,13.19
1900-05,4.82,55.5,67.6,79.8,54.6,1.73,19.92
1900-06,9.39,63.9,74.2,84.4,63.3,1.95,20.33
1900-07,3.32,69.2,79.1,89.1,67.9,2.54,23.49
1900-08,1.47,70.1,82.5,94.8,68,3.16,33.13
1900-09,3.58,64.5,74.4,84.3,64.2,1.78,19.77
1900-10,2.85,54.5,64.9,75.3,54.2,1.27,15.34
1900-11,5.39,38.1,47.4,56.8,37.4,1.19,7.8
1900-12,2.08,29.6,38.2,46.9,29.5,0.94,5.02
1901-01,1.19,28.8,37,45.3,28.5,0.97,4.61
1901-02,1.73,22.8,31.5,40.1,21.6,1.03,4.03
1901-03,4.1,36.8,46.2,55.7,35.4,1.31,7.67
1901-04,3.02,41.8,52.1,62.4,39.8,1.6,10.24
1901-05,1.52,53.1,64.6,76.2,52.5,1.55,17.09
1901-06,3.79,66.4,78.1,89.8,64.2,2.86,27.3
1901-07,1.41,71.2,84.1,97.1,67.8,4.04,37.48
1901-08,2.5,66.2,77.3,88.4,65.7,1.99,24.37
1901-09,2.24,57.4,70,82.6,57,1.61,21.9
1901-10,3.78,45.9,59,72.1,45.8,1.21,16
1901-11,1.68,32.1,42.7,53.3,30.7,1.17,7.6
1901-12,4.81,22.8,30.7,38.5,23.5,0.79,3.28
1902-01,2.85,24,32.9,41.8,24.5,0.84,4.14
1902-02,0.81,19,26.8,34.6,17.8,0.98,3
1902-03,3.17,39,47.7,56.3,37.7,1.38,7.45
1902-04,2.25,43.1,54.7,66.3,41,1.67,12.69
1902-05,2.67,60.5,72.4,84.4,59.3,1.99,22.95
1902-06,3.67,64,75.2,86.5,62.5,2.3,23.81
1902-07,1.41,67.4,79.8,92.1,65.7,2.62,30.2
1902-08,2.58,65.6,77,88.4,65.1,1.88,24.83
1902-09,3.36,56.1,67.5,78.9,56.8,1.1,17.76
1902-10,2.45,48.8,60.8,72.8,49.2,1.15,15.22
1902-11,4.68,44.9,53.8,62.7,44.6,1.24,9.14
1902-12,5.85,28.2,35.4,42.6,28.5,0.87,3.68
1903-01,2.6,25,33.3,41.5,25.2,0.87,3.93
1903-02,5.81,26.4,35.4,44.3,27.3,0.79,4.47
1903-03,4.41,41.3,50.8,60.3,40.2,1.39,8.96
1903-04,3.79,45.9,56.6,67.3,43.9,1.72,12.55
1903-05,2.83,57.5,69,80.4,56.8,1.68,19.45
1903-06,2.94,58.1,69.1,80.1,57.3,1.76,18.72
1903-07,2.69,67.4,79,90.5,65.9,2.59,27.43
1903-08,4.4,66,76.9,87.9,65.8,1.77,23.69
1903-09,0.86,56,69.8,83.7,55.7,1.46,24.15
1903-10,2.21,46.1,58.4,70.6,46.8,1.05,14.37
1903-11,1.93,32.8,43.2,53.5,31.6,1.22,7.55
1903-12,2.72,20.5,30.1,39.8,20.7,0.81,4.04
1904-01,3.89,20.4,29.2,37.9,20.4,0.85,3.57
1904-02,2.66,22.8,31.8,40.9,22.2,0.94,4.15
1904-03,8.25,36.3,45.9,55.6,36.4,1.01,7.24
1904-04,3.32,41,51.1,61.1,38.8,1.6,9.9
1904-05,2.74,54.9,65.7,76.5,54.3,1.58,16.51
1904-06,3.86,63.3,73.5,83.6,62.3,2.1,20.09
1904-07,3.71,65.4,76.1,86.8,65,1.8,22.44
1904-08,2.06,64.3,75.8,87.4,63.9,1.78,24.27
1904-09,5.44,60.8,71.6,82.5,60.6,1.61,19.84
1904-10,0.28,44.2,57.3,70.4,45,1,14.86
1904-11,0.43,33.5,45.2,56.9,32.6,1.15,9.11
1904-12,3.93,27.2,36,44.9,27,0.92,4.73
1905-01,2.87,18.8,27.1,35.3,18.8,0.83,3.1
1905-02,2.13,16.7,25.8,34.9,16.6,0.82,3.2
1905-03,2.99,40.5,51.6,62.7,38.8,1.47,10.9
1905-04,3.58,45.8,56.8,67.9,43.5,1.78,13.17
1905-05,4.57,58.7,69,79.2,57.9,1.81,17.46
1905-06,3.29,65.8,76.8,87.8,64.3,2.51,24.44
1905-07,7.64,66.8,76.5,86.1,66.6,1.76,20.62
1905-08,3.31,67.5,78.1,88.6,66.9,2.09,23.81
1905-09,2.56,61,72.4,83.9,60.8,1.59,21.76
1905-10,6.79,46.8,58.2,69.7,46.8,1.23,13.61
1905-11,3.47,35.7,46.9,58.1,35.1,1.12,9.19
1905-12,3.81,29.3,36.7,44.1,29.2,0.92,4.04
1906-01,4.77,29.7,39,48.4,30.7,0.8,5.35
1906-02,1.98,22.3,33.3,44.2,23.2,0.8,5.19
1906-03,6.29,30,37,44.1,29.7,0.98,3.92
1906-04,1.66,48,60,72,45.7,1.84,15.74
1906-05,1.33,54.9,67.5,80.1,53.6,1.8,20.71
1906-06,3.52,64.8,75.4,86,63.3,2.38,22.52
1906-07,4.02,66,77.1,88.2,64.9,2.32,24.61
1906-08,4.52,68.6,79.4,90.2,67.6,2.39,25.69
1906-09,5.2,64.6,74.5,84.4,64.1,1.89,20.18
1906-10,1.89,47.4,58.3,69.2,47.6,1.18,12.91
1906-11,5.61,35.1,45.8,56.4,35.1,0.98,8.17
1906-12,5.92,31.7,39,46.3,31.8,0.92,4.31
1907-01,8.96,32.1,40.6,49.1,33.3,0.76,5.13
1907-02,1.56,26.2,35.7,45.3,25.6,0.98,5.12
1907-03,4.18,44.4,54.9,65.4,42.8,1.57,11.61
1907-04,2.91,38.1,48,57.9,35.5,1.55,8.87
1907-05,4.53,51.1,61.8,72.5,49.9,1.64,14.73
1907-06,4.46,61.2,72,82.8,59.9,2.14,20.67
1907-07,4.28,68.3,79.9,91.4,66.6,2.68,28.64
1907-08,6.02,65.7,76.6,87.5,65.3,1.83,23.48
1907-09,2.38,58.9,69.8,80.8,59.2,1.32,18.87
1907-10,2.65,44,56.5,69,44,1.14,14.06
1907-11,3.92,33.1,44.1,55.1,32.8,1.05,8.03
1907-12,3.97,31.4,38.8,46.2,31.5,0.93,4.33
1908-01,1.7,25.5,34.6,43.8,25.9,0.85,4.55
1908-02,6.9,27.2,34.9,42.7,28,0.8,3.79
1908-03,3.89,40.7,51.1,61.5,39.5,1.37,9.91
1908-04,5.78,46.1,57.2,68.3,44.6,1.62,13.21
1908-05,6.02,57.8,67.7,77.7,57.4,1.51,15.96
1908-06,2.09,63.7,75.1,86.4,62,2.41,24.09
1908-07,2.52,66.9,78.6,90.3,65.4,2.48,27.33
1908-08,2.23,66.1,78.1,90.1,65,2.27,27.63
1908-09,1.11,59,73.6,88.3,57.4,2.19,29.44
1908-10,0.12,43,57.8,72.5,43.1,1.15,17.28
1908-11,2.51,37.5,48.7,60,36.6,1.18,9.8
1908-12,1.64,30,39.4,48.8,30.1,0.93,5.7
1909-01,2.99,28.2,35.9,43.7,28.5,0.89,4.06
1909-02,7.48,31.2,40.9,50.7,32.6,0.74,5.88
1909-03,4.19,34.9,44.9,55,34,1.19,7.64
1909-04,5.37,44.6,56,67.4,42.6,1.65,12.99
1909-05,3.4,53.3,64.2,75,52.7,1.55,15.74
1909-06,3.75,65.6,75.9,86.3,64.6,2.14,21.87
1909-07,5.72,66.3,76.5,86.6,66,1.82,21.62
1909-08,0.87,67.5,80,92.5,65.8,2.72,30.66
1909-09,2.79,56.4,68.9,81.4,56.5,1.41,20.83
1909-10,2.72,42.8,55.9,69,42.4,1.21,14.42
1909-11,3.04,44.7,56,67.3,44.4,1.22,12.5
1909-12,3.59,21.1,29,36.9,21.4,0.82,3.14
1910-01,2.87,25.2,33.3,41.3,25.5,0.85,3.81
1910-02,3.64,21.6,31.4,41.3,22.2,0.79,4.31
1910-03,0.14,43.6,56.5,69.5,40.8,1.8,15.1
1910-04,4.59,45.2,56.5,67.7,43.3,1.68,13.07
1910-05,3.21,51.5,62,72.6,51,1.48,14.28
1910-06,2.92,59.9,72.2,84.5,57.9,2.34,23.56
1910-07,9.31,69.1,78.3,87.4,68.5,2.12,20.69
1910-08,1.72,64.3,75.7,87.1,64.2,1.65,23.45
1910-09,4.47,61.9,72.3,82.8,61.6,1.65,19.75
1910-10,9.35,48.9,61,73,48.9,1.27,15.65
1910-11,1.42,30.7,42.1,53.5,29.5,1.11,7.91
1910-12,2.76,22.9,31.9,40.9,23.3,0.82,3.99
1911-01,1.93,29.4,38.1,46.8,29.5,0.91,4.98
1911-02,2.22,31.6,41,50.4,31.5,1.01,6.11
1911-03,1.67,34.8,46.9,58.9,33.6,1.26,9.89
1911-04,7.28,44.9,54.9,64.8,43,1.59,10.92
1911-05,2.28,57.8,70.6,83.5,56.6,1.92,23.1
1911-06,4,65.6,77.7,89.7,63.7,2.66,27.6
1911-07,1.12,66,78.1,90.2,64.4,2.53,27.87
1911-08,3.88,66.6,77.8,89.1,65.8,2.07,25.16
1911-09,5.24,65,75.5,86,64.4,1.86,21.91
1911-10,2.27,49.7,60.1,70.4,50.2,1.09,12.82
1911-11,3.6,32.1,41.2,50.3,31,1.17,6.14
1911-12,3.54,33.1,40.4,47.7,33.1,0.95,4.57
1912-01,3.58,14.5,23.8,33,14.6,0.79,3.07
1912-02,2.91,20.1,28.5,36.9,20.3,0.83,3.34
1912-03,5.8,30.9,39.3,47.7,30,1.08,5.14
1912-04,6.71,48.6,59.1,69.6,46.8,1.77,13.47
1912-05,3.93,57.5,68.1,78.7,56.9,1.63,17.34
1912-06,3.84,60,71,82.1,58.5,2.13,20.39
1912-07,5.83,69.6,78.9,88.2,68.7,2.34,21.87
1912-08,4.84,65.9,76.1,86.3,66,1.58,21.14
1912-09,3.51,60.8,72.3,83.8,60.7,1.65,21.6
1912-10,1.85,47.2,59.8,72.5,47.1,1.22,15.86
1912-11,1.44,35.3,46,56.7,34.3,1.18,8.53
1912-12,1.86,28.4,37.5,46.7,28.7,0.86,5.09
1913-01,10.55,30.6,39.6,48.6,32.3,0.7,5.14
1913-02,1.99,23.5,33,42.6,23.4,0.89,4.57
1913-03,9.49,34.3,44.9,55.5,33.9,0.98,7.82
1913-04,3.23,45.9,56.2,66.5,43.9,1.74,11.95
1913-05,1.26,54.7,67.3,79.9,53.6,1.74,20.57
1913-06,1.77,64.1,77.7,91.3,61.2,3.08,31.82
1913-07,1.96,69.5,81.6,93.7,66.8,3.44,31.95
1913-08,2.29,68.3,81.4,94.5,65.9,3.21,34.12
1913-09,3.83,60.2,71.1,82,59.8,1.68,19.75
1913-10,3.23,47,57.8,68.6,47.5,1.11,12.47
1913-11,4.49,42.7,51.6,60.4,42,1.25,8.44
1913-12,2,33.6,40.7,47.8,33.6,1,4.57
1914-01,1.86,32.3,39.7,47.2,32.2,0.99,4.57
1914-02,5.03,20.8,30.1,39.4,21.4,0.78,3.85
1914-03,3.1,33.7,42.4,51.1,32.5,1.2,6.12
1914-04,3.03,46.6,56.6,66.6,44.6,1.78,11.87
1914-05,0.94,54.8,67.9,81,53.7,1.73,21.56
1914-06,2.14,67.9,80.7,93.4,65.4,3.24,32.89
1914-07,1.45,68.3,81.8,95.3,65.5,3.34,35.68
1914-08,4.36,67.6,78.8,90,66.3,2.42,26.34
1914-09,4.41,58.6,69.7,80.9,58.7,1.4,18.96
1914-10,3.07,50.7,60.9,71.2,51.6,1,12.77
1914-11,0.85,36.9,48.6,60.3,35.6,1.27,10.22
1914-12,3.82,25.2,31.6,38.1,25.3,0.89,2.92
1915-01,4.97,22.1,30.7,39.2,22.5,0.8,3.61
1915-02,1.96,34.2,41.7,49.3,33.1,1.2,5.26
1915-03,1.21,30.5,39.1,47.8,29.2,1.19,5.38
1915-04,0.78,48.6,61.8,75.1,46.8,1.77,18.2
1915-05,7.83,55.4,65.9,76.5,54.4,1.68,16.45
1915-06,4.49,62.9,73.2,83.5,61.5,2.23,20.29
1915-07,3.68,66.7,77.2,87.8,66,2.01,23.16
1915-08,7.64,62.9,72.2,81.4,64.6,0.74,15.96
1915-09,2.53,61.6,72.8,84.1,61.5,1.55,21.34
1915-10,1.91,49.1,61.2,73.3,49.2,1.22,15.69
1915-11,3.71,39.4,50.6,61.7,39.1,1.13,10.3
1915-12,7.38,29.2,36.8,44.4,29.5,0.87,4.11
1916-01,9.03,28.6,39.2,49.8,30.5,0.65,5.96
1916-02,1.82,25.8,34.4,43,24.7,1.05,4.54
1916-03,2.64,32.5,43.7,54.9,31.4,1.16,8.14
1916-04,2.52,44.5,54.2,63.9,42.4,1.67,10.6
1916-05,3.62,57,68.1,79.2,56.3,1.64,18.26
1916-06,5.39,61.6,71.3,81.1,60.4,2.04,18.05
1916-07,2.84,70.6,81.5,92.4,68.3,3.26,28.63
1916-08,4.53,69.2,79.4,89.6,67.9,2.63,24.67
1916-09,2.48,57,69.3,81.6,56.7,1.6,20.96
1916-10,2.3,45.4,59,72.6,45,1.28,16.64
1916-11,1.42,36.4,48.2,60.1,35.5,1.19,10.17
1916-12,4.29,24.9,34.8,44.8,25,0.83,5.09
1917-01,5.21,25.9,35.5,45.2,26.3,0.81,4.92
1917-02,1.47,21.9,33.4,44.8,21.8,0.88,5.63
1917-03,4.04,35.5,46.5,57.5,34.5,1.21,8.76
1917-04,5.59,44.3,55.6,66.8,42.4,1.62,12.74
1917-05,4.1,49.4,60.2,71,48.3,1.52,13.91
1917-06,4.38,61.5,72.3,83.1,60,2.23,20.73
1917-07,2.93,66.5,76.9,87.3,66,1.9,22.35
1917-08,2.55,63.2,75.1,87,63.4,1.57,23.86
1917-09,2.16,56.7,69.3,82,56.3,1.57,21.54
1917-10,3,38.9,51.5,64.1,38.6,1.15,12.06
1917-11,1.85,34.7,45.7,56.6,33.7,1.18,8.62
1917-12,1.91,17.3,26.1,34.9,18,0.78,3.13
1918-01,4.5,7.8,17.7,27.5,8.8,0.69,2.4
1918-02,1.08,25.1,36.5,47.9,25.1,0.87,6.12
1918-03,1.32,38.5,51.8,65.2,36.5,1.46,13.19
1918-04,5.49,43,53.3,63.6,41.1,1.58,10.81
1918-05,5.52,59.6,70.7,81.8,58.9,1.69,19.78
1918-06,2.87,63.1,74.9,86.8,61.9,2.35,24.49
1918-07,2.11,63.9,75.7,87.5,63.4,1.9,24.64
1918-08,3.6,70.3,81.8,93.3,68.3,3.01,30.05
1918-09,3.56,51.2,63.2,75.2,52.1,1.01,16.15
1918-10,2.65,52,62.8,73.6,52.5,1.11,14.55
1918-11,1.69,37.1,46.5,55.8,36.1,1.22,7.59
1918-12,5.79,36.3,44.7,53.2,36.3,0.98,6.22
1919-01,1.7,28.1,37.9,47.8,28.4,0.89,5.53
1919-02,1.58,29.5,38.6,47.7,28.8,1.06,5.53
1919-03,6.05,37,48.5,60,36.1,1.22,9.95
1919-04,3.34,46.8,58,69.2,44.7,1.76,13.73
1919-05,5.76,54.5,63.9,73.3,54.1,1.43,13.34
1919-06,5.16,67.8,78,88.2,67,2.2,23.01
1919-07,1.22,68.3,80.5,92.8,66,3.1,30.81
1919-08,2.84,64.2,76.3,88.5,63.9,1.76,25.66
1919-09,1.66,59.7,73.3,87,58.8,1.88,26.73
1919-10,8.41,54.8,64.9,75,55.3,1.15,14.62
1919-11,5.53,36.4,46.1,55.9,36.2,1.04,7.65
1919-12,2.69,24,32.8,41.5,23.6,0.92,4.16
1920-01,3.91,23,30.8,38.6,22.5,0.9,3.48
1920-02,1.09,26.7,35.2,43.6,25.8,1.06,4.54
1920-03,5.94,36,46.3,56.7,35.3,1.14,8.12
1920-04,3.76,42.7,53.2,63.7,40.6,1.63,10.96
1920-05,5.74,54.6,65.2,75.7,53.9,1.58,15.77
1920-06,2.56,62,73.4,84.8,60.9,2.11,22.5
1920-07,3.45,65.3,76.5,87.7,64.6,2.05,24.02
1920-08,5.06,64.6,75,85.4,65,1.43,20.72
1920-09,3.36,61.4,72,82.6,61.7,1.49,19.47
1920-10,1.83,49.8,63.3,76.9,50.1,1.17,18.9
1920-11,1.57,35.7,45.4,55,34.4,1.27,7.62
1920-12,3.97,31.1,38.9,46.6,31.2,0.94,4.59
1921-01,2.33,31.6,40,48.5,31.9,0.92,5.2
1921-02,3.82,32.8,41.2,49.6,32.6,1.09,5.46
1921-03,5.46,44.8,56.8,68.8,43.6,1.48,13.87
1921-04,3.67,47.6,59.3,70.9,46.3,1.64,14.64
1921-05,1.93,55.7,67.8,79.9,55.1,1.58,19.59
1921-06,2.87,68.5,79.6,90.8,67.2,2.49,26.81
1921-07,2.17,71,83.2,95.5,68,3.76,34.13
1921-08,4.76,66.6,77.3,88.1,66.3,1.81,23.32
1921-09,4.81,66.1,76.2,86.3,65.9,1.88,21.35
1921-10,1.92,44.8,57.8,70.9,45.3,1.06,15.1
1921-11,7.8,39.7,50,60.3,39.8,1.05,9.15
1921-12,4.64,32.8,41.2,49.6,32.8,0.98,5.48
1922-01,1.46,25.1,33.5,41.8,24.6,0.98,4.12
1922-02,2.41,31.3,39.8,48.3,30.4,1.15,5.49
1922-03,8.6,39.9,49.2,58.5,39.5,1.17,8.05
1922-04,4.44,48.8,60.4,71.9,47.2,1.71,15.19
1922-05,3.35,58.3,69.2,80.1,58.2,1.47,18.25
1922-06,2.69,65.4,77,88.6,63.7,2.54,25.9
1922-07,4.76,65.9,77.3,88.7,65.3,2.01,24.92
1922-08,2.16,64.7,77.1,89.6,64.2,1.89,27.02
1922-09,2.01,60.5,74.1,87.6,59.5,2.02,27.25
1922-10,2.77,47.8,61.2,74.7,47.9,1.19,17.54
1922-11,2.1,37.8,48.6,59.4,37.5,1.12,9.19
1922-12,5.7,30.3,40.2,50.1,30.4,0.93,6.19
1923-01,4.43,32.1,40.6,49,32.6,0.91,5.22
1923-02,4.73,24.6,33.3,42,24.9,0.87,4.16
1923-03,4.34,32.9,45.1,57.3,32,1.14,9.35
1923-04,4.33,43.2,55.8,68.3,41.1,1.66,14.11
1923-05,4.96,53.7,64.5,75.3,53,1.61,15.85
1923-06,4.95,64.6,75,85.4,63.9,2.04,21.4
1923-07,1.64,66.6,78.4,90.3,65.5,2.27,27.13
1923-08,6.76,66.9,77.6,88.3,66.3,2.07,23.74
1923-09,2.55,59.7,70.3,80.8,60.5,1.16,17.88
1923-10,3.6,44.1,56.6,69.1,44.4,1.14,14.01
1923-11,3.75,37.1,47.5,58,36.5,1.14,8.69
1923-12,6.54,37.3,46.6,56,37.7,0.96,7.26
1924-01,3.33,20.4,29.9,39.4,20.4,0.86,4.02
1924-02,1.77,27.5,35.9,44.4,26.9,1.01,4.58
1924-03,2.3,32.9,41.1,49.2,32,1.16,5.49
1924-04,3.22,46.5,58.3,70.1,44.4,1.76,14.58
1924-05,4.35,49.3,60.1,71,48.7,1.44,13.74
1924-06,4.29,64.8,75.2,85.5,63.8,2.1,21.7
1924-07,2.89,63.3,74.8,86.4,63,1.7,23.2
1924-08,1.81,66.1,78.4,90.6,65.3,2.12,28.13
1924-09,4.09,55.2,67.1,78.9,55.6,1.27,18.55
1924-10,0.25,48.1,63.2,78.4,48,1.28,21.23
1924-11,1.51,37,47.6,58.2,36.1,1.22,8.99
1924-12,3.95,23.7,33.9,44.2,24.1,0.81,5
1925-01,1.28,26.4,35.3,44.1,25.9,0.97,4.65
1925-02,3.34,33.2,43.5,53.8,33.3,0.98,7.25
1925-03,2.85,36.9,49.7,62.4,35.4,1.33,11.58
1925-04,2.41,50.3,63.1,75.9,48.4,1.86,18.48
1925-05,1.51,49.3,62.4,75.6,47.8,1.68,18.21
1925-06,5.02,66.7,78.4,90.1,65,2.64,27.46
1925-07,2.15,67.2,78.7,90.3,65.7,2.52,27.34
1925-08,1.12,63.9,78.6,93.2,63.1,1.99,33.96
1925-09,5.76,66.8,78.5,90.3,65.4,2.49,27.59
1925-10,6.1,44.3,52.4,60.6,44.7,1.06,7.84
1925-11,5.19,35.4,45.4,55.4,34.6,1.11,7.72
1925-12,1.14,25.2,34.7,44.1,25.2,0.89,4.81
1926-01,3.25,25.7,34.8,43.8,26.1,0.85,4.53
1926-02,2.58,32.5,41,49.6,31.9,1.09,5.61
1926-03,2.87,30.9,40.9,50.8,29.9,1.14,6.58
1926-04,3.25,39.9,51.8,63.6,37.4,1.58,11.8
1926-05,0.76,54.4,68.3,82.1,52.9,1.91,23.45
1926-06,2.04,59.9,72.7,85.5,58.1,2.33,25.08
1926-07,1.58,67.4,80.1,92.8,65.2,2.91,31.74
1926-08,5.57,68.9,79,89.2,68.3,2.16,23.62
1926-09,4.01,63.8,74,84.2,63.9,1.53,19.97
1926-10,5.54,49.6,60.2,70.8,50.1,1.12,13.15
1926-11,3.47,32.6,42.6,52.7,31.9,1.09,7.02
1926-12,3.14,28.5,36,43.5,28.4,0.93,4.02
1927-01,6.15,26.6,34.4,42.1,27,0.85,3.8
1927-02,1.28,35.4,45.2,55,34.7,1.16,7.55
1927-03,8.09,39.3,48.5,57.6,39,1.21,7.76
1927-04,7.62,49.8,60,70.2,48.3,1.73,13.22
1927-05,8.38,56.2,66.4,76.6,55.9,1.48,15.77
1927-06,3.47,61.9,71.8,81.8,61.2,1.86,18.41
1927-07,3.95,66,77.4,88.9,64.9,2.29,25.74
1927-08,2.46,61.3,72.5,83.6,62.3,1.01,20.15
1927-09,4.87,62,74.1,86.2,61.3,1.91,24.25
1927-10,1.95,48.3,62,75.6,48.8,1.12,18.13
1927-11,4.27,41.6,51.2,60.9,41.2,1.19,9.11
1927-12,4.12,26.7,36.3,45.9,27,0.87,5.16
1928-01,1.78,26.1,34.9,43.7,26.2,0.89,4.46
1928-02,2.69,29.4,37.7,46.1,28.9,1.01,4.79
1928-03,1.73,34.8,45.8,56.9,33.6,1.27,8.73
1928-04,4.77,42.8,53.4,63.9,40.4,1.67,11.2
1928-05,4.07,53.4,65.6,77.8,52.5,1.68,18.68
1928-06,9.87,61.2,70.6,80,60.8,1.67,16.58
1928-07,1.61,69.2,79.6,90,67.7,2.65,25.05
1928-08,3.37,68.4,79.3,90.1,67.5,2.34,25.64
1928-09,0.42,53.7,67.1,80.5,53.8,1.36,21.17
1928-10,5.71,51.3,62.7,74.1,51.7,1.2,15.41
1928-11,3.51,38.6,47.3,56.1,37.8,1.19,7.25
1928-12,2.6,30.3,39.6,49,30.5,0.91,5.68
1929-01,5.41,22.9,32.7,42.4,23.1,0.88,4.55
1929-02,3.27,21.4,30.5,39.5,21.5,0.84,3.84
1929-03,2.54,41.6,52.9,64.2,40.1,1.47,11.45
1929-04,4.09,49.3,60.2,71.1,47.8,1.68,14.21
1929-05,7.68,53.6,64.4,75.2,53.1,1.5,15.63
1929-06,3.78,61.3,73.1,84.9,59.8,2.27,23.24
1929-07,2.18,68.1,79.3,90.6,66.8,2.54,26.8
1929-08,3.29,63.1,75.7,88.3,63,1.69,26.08
1929-09,5.17,59.6,70.2,80.9,59.6,1.45,18.43
1929-10,2.32,47,57.8,68.5,47.5,1.06,12.26
1929-11,2.68,35.5,44,52.4,34.2,1.34,6.42
1929-12,3.53,30.1,38.2,46.4,29.6,0.98,4.7
1930-01,7.22,22.9,31.4,39.9,23.3,0.86,3.76
1930-02,3.42,36.8,45.8,54.9,36.2,1.14,6.99
1930-03,1.77,33.6,44.7,55.8,32.4,1.24,8.42
1930-04,1.12,48.1,59.6,71,45.8,1.87,14.79
1930-05,1.29,56.2,67.7,79.2,55.5,1.71,18.64
1930-06,2.44,62,74.6,87.1,59.7,2.6,26.29
1930-07,0.62,68.9,82.6,96.4,65.8,3.64,37.69
1930-08,1.96,64.9,78.7,92.5,63.8,2.2,32.21
1930-09,4.36,62,72.7,83.5,61.9,1.7,20.3
1930-10,1.55,45.9,57,68.1,46.6,1.04,12.4
1930-11,1.45,38.4,47.7,56.9,36.9,1.39,7.91
1930-12,1.81,29.1,36.2,43.3,29.2,0.95,3.8
1931-01,0.69,29.5,37.9,46.4,29.5,0.95,4.77
1931-02,2.4,32.8,42.4,51.9,32.7,1.05,6.47
1931-03,3.93,33.6,42.1,50.7,32.8,1.15,5.89
1931-04,3.56,45.5,57.1,68.8,43.5,1.7,13.68
1931-05,2.63,52.3,63.3,74.3,51.6,1.55,15.56
1931-06,3.17,65.3,77.7,90,63.4,2.61,28.18
1931-07,1.83,69.4,81.6,93.7,66.9,3.31,32.17
1931-08,5.82,66.3,77,87.7,66,1.9,23.32
1931-09,4.31,64.7,76.4,88.1,64.1,2.04,25.12
1931-10,2.53,51.7,63.4,75.1,52.6,1.03,16.04
1931-11,4.98,46.2,55.8,65.4,46.4,1.13,10.26
1931-12,4.59,38.7,46.4,54.1,38.5,1.07,6.02
1932-01,8.09,34.3,43,51.6,36.1,0.75,5.57
1932-02,2.41,36.5,46.3,56.2,35.5,1.2,7.81
1932-03,4,30.8,41.2,51.6,29.9,1.12,6.93
1932-04,3.49,47,58.2,69.4,44.6,1.84,13.9
1932-05,0.82,54.8,66.8,78.8,53.9,1.69,19.02
1932-06,2.35,65.7,76.9,88.2,64.2,2.45,25.02
1932-07,3,68.8,80.7,92.6,66.6,3.13,30.36
1932-08,4.75,66.5,78,89.5,65.6,2.09,26.16
1932-09,7.27,59.5,70.4,81.3,59.1,1.75,19.43
1932-10,4.25,46.8,57.9,69,46.9,1.18,13
1932-11,2.87,33.8,43.4,53.1,32.3,1.29,7.1
1932-12,6.79,27.8,36.8,45.8,28.3,0.85,4.87
1933-01,4.35,34.4,43.8,53.2,35.6,0.83,6.31
1933-02,3.25,27.1,36.9,46.7,27,0.94,5.42
1933-03,5.73,36.2,46,55.9,35.4,1.17,7.76
1933-04,5.59,46.4,56.7,67,44.5,1.71,12.01
1933-05,7.63,59.9,69.3,78.8,60,1.43,15.85
1933-06,0.61,65.6,79.1,92.6,63.3,2.79,32.41
1933-07,5.61,68.2,79.4,90.5,66.7,2.66,26.88
1933-08,2.39,65.1,76.6,88.1,64.8,1.83,24.51
1933-09,3.18,65.4,77,88.6,64.4,2.22,25.5
1933-10,3.18,46.2,58.5,70.8,46.3,1.17,14.65
1933-11,0.98,35.3,46.2,57,34,1.29,8.77
1933-12,3.01,33.3,43,52.6,33.1,1.01,6.7
1934-01,1.25,30.9,39.5,48.1,31.3,0.94,5.15
1934-02,1.28,21.8,31.9,41.9,21.7,0.9,4.58
1934-03,3.36,32.4,43.8,55.2,31.1,1.18,8.31
1934-04,2.04,45.4,57.9,70.4,43.2,1.75,15.29
1934-05,2.04,55.9,69.3,82.8,54.7,1.87,23.21
1934-06,5.07,67.5,79.9,92.3,65.3,3.01,30.84
1934-07,4.64,71.4,82.7,94.1,68.7,3.66,31.09
1934-08,4.35,68.4,78.5,88.6,67.5,2.28,23.31
1934-09,7.07,58.8,69.5,80.2,59.1,1.36,18.08
1934-10,0.73,48.4,61.9,75.4,48.6,1.2,17.94
1934-11,3.2,40.7,51.4,62.1,40.6,1.11,10.01
1934-12,2.67,28.6,36,43.4,28.3,0.99,4
1935-01,3.7,28.5,37.3,46.2,28.7,0.9,4.9
1935-02,1.55,30.9,40.3,49.7,30.3,1.08,6
1935-03,9.65,44.2,54.4,64.7,43.3,1.37,10.79
1935-04,3.55,45.8,55.5,65.2,43.8,1.74,11.03
1935-05,8.71,53.5,63.5,73.6,53.1,1.42,14.04
1935-06,6.21,61.8,71.3,80.9,61.2,1.75,17.32
1935-07,2.51,70,80.6,91.2,68.5,2.72,26.36
1935-08,2.53,68.3,79.2,90.2,67.6,2.22,25.73
1935-09,1.51,56.5,70.3,84.1,56.3,1.53,24.14
1935-10,2.81,48.9,60.9,73,48.8,1.26,15.46
1935-11,3.03,38.8,47.1,55.4,37.8,1.34,6.97
1935-12,1.55,21.7,29.5,37.2,22.4,0.81,3.09
1936-01,1.58,20.4,28.7,36.9,20.1,0.94,3.33
1936-02,1.91,20.4,30,39.6,19.2,0.99,4.09
1936-03,4.16,39,51,62.9,37.7,1.36,11.38
1936-04,3.84,42.1,53.1,64,39.7,1.64,11.34
1936-05,1.41,56.9,69.8,82.7,56.2,1.75,22.47
1936-06,1.13,62.3,76.9,91.4,58.9,3.15,33.47
1936-07,1.77,72.4,84.9,97.4,68.4,4.56,37.59
1936-08,1.14,71.1,84.2,97.4,67.9,3.96,37.81
1936-09,3.23,64.7,75.7,86.7,64.4,1.8,22.79
1936-10,4.08,48.7,59.2,69.8,49.3,1.07,12.55
1936-11,4.54,33.1,43.4,53.7,32.7,1.09,7.33
1936-12,3.08,31.7,40.7,49.7,31.8,0.94,5.63
1937-01,16.32,31.1,39.4,47.6,32.5,0.7,4.68
1937-02,2.14,28.8,37,45.1,27.7,1.16,4.72
1937-03,0.96,32.6,42.8,52.9,31.1,1.25,7.25
1937-04,4.41,45.5,56.6,67.6,43.8,1.6,12.74
1937-05,5,55.6,67,78.4,55.2,1.53,17.9
1937-06,4.54,65,75.7,86.4,64.2,2.14,22.7
1937-07,2.39,65.2,77.3,89.3,64.4,2.03,26.51
1937-08,3.52,68.8,80.4,91.9,67.5,2.53,28.42
1937-09,2.74,56.5,69.2,82,56.3,1.53,21.51
1937-10,6.04,45.9,56.8,67.6,46.3,1.11,12.06
1937-11,1.6,33.8,43.9,54,32.5,1.28,7.56
1937-12,2.75,27.6,34.5,41.4,27.6,0.89,3.41
1938-01,3.35,26.2,34.9,43.7,27,0.83,4.34
1938-02,2.46,37.2,46,54.8,36.2,1.24,6.97
1938-03,6.48,43.4,54.3,65.2,42.4,1.35,11.38
1938-04,1.62,48.5,59.7,70.9,46.7,1.77,14.47
1938-05,5.17,55.6,66.7,77.9,55.4,1.47,17.34
1938-06,3.96,63.1,73.4,83.7,62.4,1.92,20.1
1938-07,5.69,68,78.5,89,67.3,2.13,23.92
1938-08,3.73,69.4,79.9,90.4,68.3,2.43,25.28
1938-09,2.42,60.4,72.1,83.9,60.4,1.56,21.63
1938-10,0.65,46.7,62.2,77.7,47.1,1.14,20.87
1938-11,3.06,36.8,48.7,60.5,36.8,1.08,10.09
1938-12,1.64,27.9,37.5,47,28.4,0.86,5.24
1939-01,5.58,31.7,40.2,48.7,32.7,0.84,5.11
1939-02,6.64,27.4,37.6,47.8,29,0.69,5.41
1939-03,4.9,38.1,49.7,61.4,37,1.3,10.46
1939-04,6.76,44.1,54.1,64.1,42.4,1.59,10.77
1939-05,2.07,55.8,67.6,79.5,55.3,1.59,19.15
1939-06,5,66.1,76,85.9,65.9,1.8,20.64
1939-07,4.12,67.9,78.8,89.7,67.1,2.25,25.15
1939-08,3.02,65.1,76.7,88.2,64.9,1.79,24.53
1939-09,0.69,61.2,75.9,90.7,59.6,2.36,32.1
1939-10,1.94,48.2,62,75.8,48.2,1.29,18.58
1939-11,1.77,34,44.4,54.8,33,1.15,7.79
1939-12,2.14,29,38.9,48.8,30,0.82,5.76
1940-01,2.16,10,19.2,28.4,10.4,0.73,2.39
1940-02,4.65,29,35.5,42.1,28.5,1,3.44
1940-03,2.23,34.8,44.3,53.8,33.3,1.27,7.1
1940-04,6.45,44.2,55.1,65.9,42.3,1.66,12.07
1940-05,3.22,51.6,63,74.5,51.2,1.49,15.8
1940-06,2.07,64,75.1,86.1,63.1,2.09,22.63
1940-07,2.19,66.6,78.5,90.4,64.9,2.59,27.83
1940-08,2,66.9,78.9,90.8,66.3,2.1,27.53
1940-09,1.18,54.4,69.2,84.1,53.8,1.6,25.44
1940-10,0.79,48.5,63.3,78.2,48.7,1.19,20.76
1940-11,4.96,35.9,45.9,55.8,35.3,1.18,7.76
1940-12,2.49,34.1,42.5,51,33.8,1.03,5.75
1941-01,2.28,29.3,36.7,44.2,29.2,0.93,4.03
1941-02,0.72,24.5,33.1,41.7,23.6,1,4.25
1941-03,0.75,30.6,41.6,52.5,28.9,1.18,7.43
1941-04,2.75,49.3,61.4,73.5,47.9,1.67,16.2
1941-05,2.02,56.8,69.9,83,55.7,1.8,23.06
1941-06,3.09,64.8,76.9,89,63.4,2.41,26.9
1941-07,4.7,68.4,79.9,91.3,66.6,2.88,28.21
1941-08,3.72,66.8,79.5,92.2,65.3,2.55,30.49
1941-09,0.95,61,74.3,87.6,60.5,1.83,26.82
1941-10,7.35,53.6,64.4,75.3,54.4,1.08,15.35
1941-11,2.85,36.7,47.1,57.6,36.2,1.11,8.45
1941-12,2.76,34,42,50,34.1,0.95,5.35
1942-01,2.91,22.5,32.6,42.7,23.4,0.77,4.59
1942-02,3.27,27.3,34.7,42.2,26.6,0.98,3.87
1942-03,5.4,38.1,49.2,60.3,37.1,1.24,9.83
1942-04,3.81,48,60.2,72.3,46.1,1.76,15.84
1942-05,4.32,55.7,66.9,78.1,55.2,1.6,17.72
1942-06,4.4,65.3,76.1,86.8,64.6,2,22.85
1942-07,2.17,68.9,80,91.1,67.4,2.61,27.12
1942-08,3.67,66.2,77,87.8,66.1,1.75,23.19
1942-09,1.77,57.9,69.8,81.7,58.2,1.33,20.23
1942-10,1.53,47.4,60,72.6,47.7,1.12,15.69
1942-11,5.53,40.9,50.1,59.3,40.4,1.15,8.35
1942-12,2.98,27.2,34.7,42.3,27.1,0.89,3.75
1943-01,0.43,27.3,37.1,46.9,27,0.94,5.41
1943-02,1.43,28.2,40.7,53.2,28.1,0.94,8.04
1943-03,8.66,31.4,42.6,53.9,31.1,1.02,7.73
1943-04,3.98,44.8,55.8,66.9,42.3,1.76,12.88
1943-05,6.25,57.8,67.8,77.9,57.2,1.58,16.33
1943-06,4.34,68.5,78.8,89.1,67.9,2.12,23.84
1943-07,2.78,68.9,80.3,91.7,67.2,2.74,28.3
1943-08,0.55,68.1,80.8,93.6,66.2,2.73,32.32
1943-09,3.59,55.7,67.1,78.5,56,1.26,18
1943-10,1.5,45.1,58,71,45.1,1.18,15.45
1943-11,1.7,33.6,44.7,55.8,32.4,1.19,8.57
1943-12,2.08,26.2,35,43.8,26,0.82,4.55
1944-01,0.86,28.8,38.2,47.7,28.9,0.85,5.43
1944-02,3.23,31.1,41.5,51.8,31.4,0.88,6.72
1944-03,4.7,34,45.1,56.2,33.2,1.08,8.4
1944-04,6.06,46.1,57.1,68.1,44,1.6,13.05
1944-05,3.17,59.7,71,82.2,59.4,1.6,20.26
1944-06,1.63,67.1,79.6,92.1,65.1,2.79,30.76
1944-07,1.29,65.7,79.3,92.9,63.4,2.85,33.04
1944-08,3.41,67.1,78.6,90.1,66.2,2.14,26.71
1944-09,2.37,59.4,70.9,82.4,59.8,1.24,20.08
1944-10,0.6,45.4,59.6,73.9,45.5,1.1,17.54
1944-11,2.09,40.4,48.3,56.2,39.1,1.35,7.18
1944-12,3.11,24.2,31.8,39.5,24.3,0.77,3.38
1945-01,2.34,24,31.5,39.1,23.7,0.87,3.35
1945-02,6.28,29,38.1,47.2,29.8,0.73,5.01
1945-03,11.3,46.1,56.4,66.7,45.9,1.21,11.28
1945-04,5.96,48.6,59,69.4,47.1,1.56,12.96
1945-05,3.28,52.3,62.8,73.4,51.6,1.42,14.56
1945-06,7.32,62.9,72.5,82,62.2,1.76,18.16
1945-07,3.61,65,76.3,87.6,64.2,1.92,24.18
1945-08,5.88,65.1,76.5,87.8,64.8,1.71,24.04
1945-09,7.91,62.2,72.3,82.3,62.3,1.46,18.63
1945-10,1.76,45.6,57.4,69.1,45.9,1.1,13.33
1945-11,4.34,39.4,48.5,57.6,38.7,1.23,7.92
1945-12,2.03,22.6,30.9,39.3,22.8,0.77,3.59
1946-01,2.9,26.9,36,45.1,27.5,0.79,4.64
1946-02,5.42,30.4,41.3,52.2,31.1,0.81,6.9
1946-03,1.97,46.5,57.8,69,44.4,1.7,13.68
1946-04,2.2,48.7,60.4,72.1,46.5,1.84,15.63
1946-05,7.56,54.1,63.6,73.2,54.2,1.19,13.19
1946-06,2.43,63.9,75.2,86.4,62.6,2.18,23.59
1946-07,3.63,66.2,77.6,88.9,65.4,2.12,25.28
1946-08,5.81,61.9,72.5,83,63.2,0.89,18.89
1946-09,1.45,56.8,69.3,81.8,56.9,1.38,21.12
1946-10,1.77,47.1,61.2,75.3,47.6,1.06,18.2
1946-11,4.6,39.9,50.8,61.7,40.1,1,9.84
1946-12,2.99,32.6,42.3,52.1,32.5,1,6.62
1947-01,4.15,30.9,38.8,46.7,31.2,0.86,4.56
1947-02,0.1,19.9,29.6,39.3,19.1,0.88,4.17
1947-03,2.83,28.2,38.4,48.7,27.7,0.92,6.01
1947-04,6.25,47.1,57.7,68.3,45.5,1.58,12.74
1947-05,4.22,51.9,63.4,74.9,51.5,1.41,16.05
1947-06,4.77,64,73.3,82.6,63.4,1.74,17.84
1947-07,3.85,62.7,73.8,85,63,1.37,21.32
1947-08,2.33,71.2,82.4,93.5,69.6,2.82,29.43
1947-09,3.55,58.7,70.8,82.9,59.1,1.36,21.49
1947-10,2.62,52.7,65.7,78.8,53.7,0.96,19.31
1947-11,2.59,35.1,42.9,50.7,33.9,1.23,5.74
1947-12,1.75,28.1,37.7,47.4,28.4,0.82,5.36
1948-01,2.79,16.2,25.5,34.9,17.7,0.42,3.25
1948-02,3.6,25.9,35.5,45.1,29.3,0.32,4.18
1948-03,4.67,36.6,47.2,57.9,38.4,0.65,7.85
1948-04,4.38,47.2,59,70.8,48.1,1.38,14.07
1948-05,3.7,53.2,64.4,75.6,53.7,1.38,15.13
1948-06,2.52,63,74.9,86.8,61.9,1.71,24.2
1948-07,5.57,67.3,77.9,88.4,67.7,1.3,22.18
1948-08,1.37,63.2,75.6,88,64.8,1.07,24.54
1948-09,3.52,58.9,70.3,81.6,59.3,1.13,19.83
1948-10,2.3,42.9,55.3,67.7,44.7,0.54,12.95
1948-11,6.87,38.1,48.2,58.3,41.3,0.37,7.09
1948-12,3.48,32,40.3,48.5,32.6,0.55,4.7
1949-01,9.64,32,39.9,47.8,33.9,0.44,3.47
1949-02,3.86,29.4,39.3,49.2,31.8,0.44,4.76
1949-03,7.65,34.8,44.8,54.8,35.3,0.65,7.7
1949-04,2.24,44.4,54.3,64.3,41.9,1.36,11.58
1949-05,2.72,54.8,66.9,79.1,55.5,1.09,18.5
1949-06,5.14,66.2,75.8,85.4,65.9,1.3,18.98
1949-07,3.18,71.5,80.4,89.4,71.4,1.3,20.62
1949-08,4.09,65.6,76.2,86.8,66.9,0.67,20.53
1949-09,3.07,51.8,64,76.3,54,0.7,16.41
1949-10,6.47,51.1,61.6,72.2,52.4,0.73,13.03
1949-11,1.02,34.9,46.1,57.3,34.8,0.86,9.13
1949-12,4.65,30.9,40.7,50.4,31.1,0.58,5.9
1950-01,13.64,33.9,42.8,51.7,37.4,0.41,3.86
1950-02,6.91,30.2,38.6,47,30.4,0.56,4.23
1950-03,4.54,32.7,42.9,53.1,30.6,0.94,7.76
1950-04,5.81,41.6,52.2,62.8,39.8,1.24,10.99
1950-05,5.64,57.6,67.8,77.9,57.2,1.38,16.7
1950-06,3.77,63.8,74,84.2,63.2,1.67,19.77
1950-07,3.74,64.8,75,85.1,64.3,1.26,21.08
1950-08,5.83,63.3,73.1,82.9,64.2,0.81,17.44
1950-09,5.78,58.6,67.8,77.1,60.2,0.57,13.16
1950-10,1.32,51.1,63.4,75.7,52.1,0.81,16.63
1950-11,5.43,31.2,40.5,49.9,31.4,0.81,6.61
1950-12,2.01,21.2,30.2,39.2,22.1,0.51,3.65
1951-01,5.96,26.4,34.9,43.5,28.1,0.46,3.91
1951-02,4.48,26.9,36.2,45.4,28.9,0.47,4.46
1951-03,5.99,34.6,43.5,52.4,35.3,0.77,5.76
1951-04,3.37,43.4,53.5,63.6,41.6,1.29,11.55
1951-05,1.63,54.3,67.3,80.3,52,1.88,23.19
1951-06,5.66,65,74.5,84.1,64.7,1.46,19.09
1951-07,2.92,68.4,78.4,88.4,68.2,1.71,21.95
1951-08,2.31,66.3,77.5,88.6,65.1,2.02,24.91
1951-09,3.82,56.4,68.1,79.9,57.2,0.86,19.3
1951-10,1.46,47.5,60.2,72.8,49.8,0.66,15.59
1951-11,5.86,30.5,39.5,48.5,29.9,0.67,5.64
1951-12,7.06,29.1,37.6,46.2,29.8,0.6,4.48
1952-01,3.55,30.9,39.4,47.9,32.8,0.59,4.3
1952-02,3.63,32.6,41.4,50.1,32.3,0.61,5.72
1952-03,6.96,34.9,45.1,55.3,33.1,0.94,8.44
1952-04,3.12,44.8,56,67.2,42.8,1.2,13.86
1952-05,3.16,55.5,66.6,77.6,54,1.68,18.88
1952-06,2.21,69.5,81.5,93.6,66.5,3.33,32.06
1952-07,2.14,68.8,81,93.2,66.5,2.76,31.56
1952-08,2.91,65.4,77.6,89.7,64.6,1.9,26.59
1952-09,2.84,55,69,83,56,0.86,23.11
1952-10,1.18,38.1,53.4,68.7,34.9,1.36,17.78
1952-11,2.3,36.8,47.4,57.9,34.1,1.47,9.68
1952-12,3.32,32.5,39,45.5,31.5,0.72,3.87
1953-01,4.07,32,38.9,45.8,32.2,0.66,3.57
1953-02,1.3,30.8,41.4,52.1,29.9,0.87,6.92
1953-03,5.01,38.2,48.6,59.1,37.7,0.78,8.45
1953-04,4.56,43.8,53.8,63.9,41.6,1.36,11.39
1953-05,4.8,58.1,68.5,78.9,58.2,1.67,17.26
1953-06,1.22,68.8,80.8,92.9,65.2,3.62,31.89
1953-07,2.4,68.8,80.5,92.3,65.8,2.69,30.35
1953-08,0.65,64.9,78.4,91.9,62,2.81,31.7
1953-09,0.71,56.3,72,87.7,51.7,2.95,31.73
1953-10,1.32,46,61.2,76.5,45.1,1.41,22.14
1953-11,1.4,34.4,47.1,59.9,31.8,1.25,11.51
1953-12,2.38,27.6,37,46.5,27.4,0.64,5.29
1954-01,4.38,26.9,35.6,44.3,28.1,0.53,3.78
1954-02,2.42,34.4,45.3,56.2,32.8,0.98,8.37
1954-03,1.55,33.6,44.8,56.1,31.5,0.92,9.05
1954-04,3.7,50.7,62.3,73.9,49.5,1.64,15.25
1954-05,3.35,50.8,62,73.3,49.3,1.22,15.91
1954-06,1.57,66.2,78.6,91.1,63.2,3.08,30.78
1954-07,2.12,69.5,82,94.6,64.2,4.65,35.13
1954-08,4.96,69.1,79.6,90.1,67.7,2.09,25.98
1954-09,3.09,60.5,73.9,87.4,57.8,2.33,29.47
1954-10,2.83,48.9,59.8,70.6,50.8,0.6,12.96
1954-11,0.89,36.7,46.9,57.1,36.8,0.66,8.63
1954-12,4.36,30.2,37.3,44.3,30,0.49,3.83
1955-01,1.22,25.7,34.1,42.5,26.3,0.52,3.92
1955-02,5.2,28.9,37.8,46.8,28.8,0.68,4.85
1955-03,4.77,36.6,47.1,57.5,35.7,1.15,8.81
1955-04,6.72,50.4,61.9,73.3,48.4,1.52,16.29
1955-05,3.76,57.2,68,78.8,56,1.49,18.01
1955-06,3.76,59.2,70,80.8,57.7,1.2,20.59
1955-07,2.92,71.8,82,92.2,70.7,1.74,25.08
1955-08,1.26,67.8,79.7,91.7,65.8,2.2,29.31
1955-09,2.87,59.8,73.7,87.6,57,2.19,28.15
1955-10,4.35,46.8,58.3,69.8,47.1,0.92,13.44
1955-11,3.75,32.7,43.5,54.4,32.3,0.9,7.82
1955-12,0.75,25.2,34.4,43.5,25.9,0.52,4.21
1956-01,2.55,22.7,31.8,41,24.2,0.37,3.95
1956-02,7.27,33,40.7,48.4,33.3,0.41,4.3
1956-03,3.15,35.4,46.2,57,32.2,1.29,9.66
1956-04,3.98,43.4,54.5,65.6,39.6,1.72,13.23
1956-05,4.4,56.7,67.5,78.3,55,2.11,17.7
1956-06,2.19,63.5,75.3,87,62,2.05,24.87
1956-07,3.63,67.5,78.1,88.7,66.5,2.1,24.42
1956-08,2.43,65.9,77.1,88.4,65.5,1.75,24.27
1956-09,2.23,54.4,68.4,82.4,53,1.91,24.55
1956-10,1.25,49.1,62.8,76.6,48.4,1.25,19.25
1956-11,2.48,34.2,45.4,56.7,33,1.08,9.76
1956-12,2.64,35.4,43.4,51.4,35.7,0.61,5.08
1957-01,3.78,23,30.8,38.7,22.8,0.59,3.17
1957-02,3.13,34.3,42.4,50.5,33.5,0.85,5.46
1957-03,2.01,35.6,45.1,54.7,32.9,1.05,8.11
1957-04,6.49,49.6,59.9,70.2,48.2,1.33,13.45
1957-05,8.66,55.5,66.8,78,55.2,1.52,17
1957-06,6.34,66.1,75.7,85.4,66.1,1.36,19.38
1957-07,3.04,67.8,78.1,88.5,67,1.89,23.38
1957-08,1.94,64.6,76.4,88.3,64.5,1.58,25.64
1957-09,1.67,58.9,69.7,80.6,58.5,1.38,19.32
1957-10,3.17,43.7,55,66.3,43.2,1.05,12.97
1957-11,8.61,36.2,45.6,55,36.6,0.64,7.02
1957-12,6.69,32.9,42,51.1,32.5,0.76,5.71
1958-01,2.58,25.8,32.8,39.7,23.3,0.68,3.8
1958-02,1.81,17.6,27.1,36.7,16.4,0.62,4.09
1958-03,3.69,32.8,40,47.2,31.2,0.66,4.94
1958-04,4.1,45.3,56.3,67.3,43.1,1.43,13.56
1958-05,3.81,54.7,66.1,77.5,52.9,1.5,19.1
1958-06,4.84,61.4,72.3,83.2,61,1.81,20.38
1958-07,9.74,69.1,77.7,86.2,68.7,1.71,18.88
1958-08,2.69,65.8,76.6,87.3,66.7,1.28,22.26
1958-09,3.09,59.1,70,80.9,59.6,1.38,19.1
1958-10,1.59,45.4,58,70.6,45.4,1.09,15.51
1958-11,3.66,37.1,48.6,60.2,37,0.89,10.44
1958-12,0.81,20.9,30.2,39.4,20.4,0.55,4.09
1959-01,5.66,21.7,31.5,41.4,22.9,0.51,3.84
1959-02,2.73,28.4,37.9,47.4,27.8,0.82,5.56
1959-03,2.64,33.9,45.4,56.9,31.5,1.08,9.72
1959-04,1.23,46.3,57.7,69,42.5,2.21,14.96
1959-05,6.64,59.9,69.9,79.8,58.5,1.87,17.77
1959-06,2.98,64,74.5,85.1,62.2,2.16,22.01
1959-07,4.69,66.7,77.3,88,66,1.81,23.27
1959-08,7.1,69.6,78.9,88.3,70.2,1.22,20.08
1959-09,3.89,60.6,71.6,82.5,60.5,1.33,19.77
1959-10,3.14,46.8,58.4,70,49,0.7,13.17
1959-11,1.78,31.1,41.6,52,31.5,0.86,7.21
1959-12,3.95,32.4,40,47.6,33.1,0.54,4.3
1960-01,2.44,30.1,37,43.8,29.5,0.59,4.01
1960-02,2.63,26.5,33.5,40.5,25.7,0.64,3.61
1960-03,2.85,21.5,30.9,40.2,21.4,0.61,5
1960-04,2.58,46.8,59.4,72.1,43.3,2.13,17.68
1960-05,4.36,52.5,63.1,73.7,51.6,1.6,15.61
1960-06,5.57,63.2,74,84.8,61.7,2.24,22.36
1960-07,2.35,66.2,76.4,86.6,65.8,1.59,22.04
1960-08,2.54,67.6,78.1,88.7,68.1,1.3,22.52
1960-09,1.37,61.2,73.5,85.9,61.7,1.32,24.38
1960-10,2.09,47.6,59.5,71.5,49.4,0.8,13.93
1960-11,3.76,34.9,46.2,57.4,36.1,0.88,8.41
1960-12,2.56,22.5,31.1,39.6,22.1,0.76,3.92
1961-01,1.44,20.3,30,39.8,20.8,0.47,4.15
1961-02,3.63,30,40,49.9,31.6,0.69,5.98
1961-03,5.31,40.5,49.3,58,38.9,1.29,8.01
1961-04,4.72,42.5,52.2,61.8,38.5,2.22,10.72
1961-05,10.56,50.5,61.5,72.5,48.9,1.74,14.78
1961-06,4,60.6,72.2,83.8,60.3,1.38,21.39
1961-07,3.89,67,77.1,87.3,66.6,1.68,21.28
1961-08,3.73,64.7,75.3,85.8,66.8,0.58,19.16
1961-09,1.1,60.3,72.5,84.7,61.9,1.07,20.47
1961-10,1,45.5,59.2,73,46.7,0.82,16.71
1961-11,4.96,36.9,45.9,54.9,38.6,0.44,6.06
1961-12,4.09,27.2,35.2,43.2,28.1,0.44,3.65
1962-01,4.19,20.5,29.7,38.8,22.9,0.31,2.87
1962-02,6.14,29.8,39.8,49.7,31.6,0.6,5.55
1962-03,3.8,34,42.4,50.8,32.6,1,6.42
1962-04,1.53,43.6,54.8,66,38.3,2.95,15.1
1962-05,4.46,62.6,74,85.4,61.7,2.92,22.09
1962-06,3.36,64,74.5,85,64.9,1.6,18.88
1962-07,2.38,66,77.3,88.7,66.9,1.53,23.98
1962-08,2.83,63.7,76.4,89.1,64,2.12,26.65
1962-09,4.63,55.5,66.4,77.3,58.5,0.29,13.64
1962-10,2.66,49.4,60.6,71.8,50.5,1.09,12.75
1962-11,1.62,35.5,44.9,54.3,36.1,0.71,6.53
1962-12,2.61,21.1,31.2,41.3,22,0.57,4.8
1963-01,0.88,15.2,25.3,35.4,15.9,0.52,3.44
1963-02,0.62,18.1,29.4,40.6,16.8,0.81,5.02
1963-03,8.84,38.7,49.9,61.2,37.3,1.23,10.53
1963-04,1.39,47.3,58.9,70.6,43.4,2.39,15.58
1963-05,3.65,51.8,64,76.1,52.3,1.51,16.33
1963-06,2.19,61.9,75,88.2,61.3,2.31,26.74
1963-07,4.44,65.3,76.5,87.7,65.6,1.68,23.34
1963-08,2.28,62.5,75.3,88.2,64.1,1.75,24.55
1963-09,0.94,54,68.5,82.9,56.8,0.83,21.46
1963-10,0.19,47.1,64.7,82.4,45.7,1.68,26.81
1963-11,2.15,36.3,48,59.6,36,1.33,9.27
1963-12,1.09,15.1,25.1,35,15.5,0.51,3.81
1964-01,1.96,23.8,35.3,46.9,23.1,1.01,6.36
1964-02,1.75,24.4,34.6,44.7,23.6,0.75,5.62
1964-03,13.8,34.6,46,57.4,34.7,0.81,8.14
1964-04,4.43,49.8,60.2,70.6,47.5,2.09,13.56
1964-05,2.49,56.5,68.6,80.6,55.9,1.66,20.28
1964-06,2.14,65,76.3,87.5,64.1,1.9,24.02
1964-07,3.14,66.5,77.9,89.3,67.4,1.17,23.34
1964-08,1.75,63.9,76.5,89.1,63,2.33,27.02
1964-09,3.62,56.3,69.3,82.3,56.3,1.1,22.42
1964-10,0.13,39,54.3,69.7,40.7,0.69,15.21
1964-11,2.57,35.9,49.1,62.2,38.2,0.94,11.47
1964-12,4.34,28.2,36.6,45,29.8,0.53,3.51
1965-01,3.03,24,34.3,44.7,27,0.5,4.94
1965-02,4.71,24,34.7,45.4,23.8,0.72,5.49
1965-03,3.29,28.8,37.9,47,29,0.77,5.25
1965-04,3.43,48,58.8,69.6,47.2,1.02,13.32
1965-05,1.56,59,70.7,82.4,57.8,1.14,21.29
1965-06,3.65,63.1,74.3,85.5,61.9,1.22,23.29
1965-07,4.6,66.1,76.8,87.4,66.3,0.76,22.43
1965-08,2.95,63.7,75.6,87.4,64.1,0.54,24.38
1965-09,6.64,59.7,70.2,80.7,61,0.34,17.42
1965-10,1.68,43.4,56.5,69.6,44.4,0.73,14.51
1965-11,1.21,38.5,49.9,61.2,37,1.22,10.8
1965-12,0.92,32.8,42.1,51.4,29.8,1.28,6.91
1966-01,4.18,19.3,27.9,36.6,18.5,0.92,3.62
1966-02,4.17,25.5,34.2,43,24.6,0.82,4.46
1966-03,1.59,35.8,47.2,58.5,33.3,1.34,10.1
1966-04,6.41,44.8,54.1,63.4,42.3,1.47,10.53
1966-05,4.64,51.1,62.8,74.6,50.5,0.99,16.71
1966-06,1.49,60.9,73.9,87,58.6,1.33,27.02
1966-07,1.74,70.1,81.9,93.7,67.6,2.57,32.06
1966-08,3.38,63.3,74.7,86.2,63.5,0.7,23.7
1966-09,3.56,56.4,66.9,77.3,57.8,0.39,15.6
1966-10,2.08,42.2,54.6,66.9,41.7,1.03,13.19
1966-11,2.78,38,47.5,57.1,37.1,0.99,8.23
1966-12,5.36,28.4,36.1,43.8,27.2,1,4.38
1967-01,1.19,27.9,37.1,46.3,27.8,0.76,5.3
1967-02,2.24,21.9,32.3,42.7,22,0.82,5.16
1967-03,3.71,38.6,49.5,60.3,38.6,0.83,9.66
1967-04,3.46,48.4,60.2,72,46.1,1.83,16.12
1967-05,5.26,52.8,63.1,73.4,50.7,1.6,15.23
1967-06,3.09,64.1,74.2,84.2,62.8,1.35,20.42
1967-07,5.77,64.5,74.3,84.1,64.5,0.81,19.2
1967-08,2.88,59.8,71.2,82.5,61.7,0.07,19.4
1967-09,1.78,54.7,66.6,78.4,55.1,0.92,18.31
1967-10,5.13,46.2,57.9,69.5,45.4,1.01,14.24
1967-11,3.52,34.3,42.7,51.1,31.3,1.33,6.58
1967-12,5.88,30.2,38.6,46.9,31.2,0.65,4.61
1968-01,2.32,20.8,29.2,37.6,19.9,0.82,3.56
1968-02,1.6,21.6,30.7,39.8,18.1,1.16,4.59
1968-03,4.63,34.8,46.1,57.3,32.6,1.1,9.32
1968-04,4.6,46.4,57.4,68.4,41.9,2.04,14.24
1968-05,5,53.9,64,74,51.3,1.73,15.52
1968-06,2.69,64.3,75.3,86.3,63,1.26,22.97
1968-07,4.48,67.4,78,88.6,65.8,1.83,25.08
1968-08,3.55,67.4,77.9,88.5,66.5,1.59,24.12
1968-09,3.2,57.2,69.1,80.9,57.4,0.85,19.76
1968-10,1.66,45,57.7,70.4,46,0.66,14.57
1968-11,4.93,38.9,46.8,54.7,39,0.86,6.41
1968-12,5.16,27.1,34.8,42.4,25.9,0.96,4.11
1969-01,7.31,24.2,31.8,39.4,21.7,1.03,3.76
1969-02,1.04,30.1,37,43.9,27.1,1.25,4.38
1969-03,2.62,28.3,38.9,49.6,25.8,1.13,7.03
1969-04,4.08,46.1,57.3,68.5,46.2,0.74,12.67
1969-05,3.87,54.2,66.1,78.1,54.6,0.32,17.91
1969-06,5.29,63.5,74.7,85.8,61.7,1.62,23.42
1969-07,7.87,70.2,79.7,89.1,68.6,2.03,23.17
1969-08,2.58,63.4,75.2,87,63.9,0.83,23.81
1969-09,2.45,57.1,68.9,80.8,57.5,0.86,19.44
1969-10,3.04,46.3,57.8,69.3,45.7,1.1,13.68
1969-11,4.37,33.7,42.8,52,33.1,0.98,6.51
1969-12,3.31,25.2,32.3,39.4,24.1,0.88,3.44
1970-01,1.01,15.6,25.3,35,15.4,0.77,3.43
1970-02,2.71,24.4,33.2,42.1,25.1,0.69,4.11
1970-03,5.92,33.7,42.1,50.5,34.1,0.83,5.55
1970-04,7.34,48.1,59.1,70.2,47.2,1.04,13.45
1970-05,3.24,57.8,69.2,80.6,55.7,1.66,20.36
1970-06,6.04,63.1,72.9,82.7,62.6,1.23,18.55
1970-07,2.53,65.2,76.1,87,64.1,1.54,23.26
1970-08,3.21,66.1,76.3,86.5,66,1.2,21.63
1970-09,3.27,63.6,74.5,85.5,63.1,1.49,22.08
1970-10,5.22,47.2,58.1,69,47.7,0.87,12.68
1970-11,2.17,36.2,45,53.8,34.8,1.14,6.92
1970-12,3.18,29.7,39,48.3,30.4,0.78,5.42
1971-01,2.86,21.9,30.2,38.5,21.6,0.86,3.7
1971-02,4.89,25.2,34.2,43.3,24.4,0.85,4.6
1971-03,1.66,31.7,42.2,52.7,29.9,1.18,7.6
1971-04,2.57,43.3,56.5,69.7,40.1,1.6,15.84
1971-05,4.07,52,63,74,50.6,1.17,15.49
1971-06,4.88,68.5,78.6,88.8,68.1,0.91,22.93
1971-07,4.29,67.2,77.1,86.9,66,1.65,21.81
1971-08,2.66,65.4,76,86.5,64.5,1.15,22.01
1971-09,4.87,62.9,72.8,82.6,62.9,1.07,18.28
1971-10,2.29,53.1,64.6,76.2,53.6,0.9,16.6
1971-11,1.59,36.8,46.8,56.9,34.8,1.36,8.66
1971-12,3.57,35.5,43.7,51.9,36.1,0.79,5.36
1972-01,1.89,23.8,33.4,42.9,23.1,0.96,4.73
1972-02,3.64,25.2,34.6,44.1,24.6,0.87,4.78
1972-03,4.57,34.8,45.4,56,33.4,1.28,8.61
1972-04,7.59,46.4,57,67.6,43.5,1.74,12.61
1972-05,2.5,55.2,67,78.8,52.6,1.8,19.44
1972-06,1.92,59.6,72.3,85,55.2,2.51,25.66
1972-07,4.3,66.5,76.5,86.5,65.3,1.68,21.7
1972-08,3.15,65.7,75.7,85.7,66.6,0.55,19.82
1972-09,2.55,62.4,72.1,81.8,63.5,0.84,16.83
1972-10,1.86,44.4,55,65.7,45,0.83,10.84
1972-11,6.54,36.5,42.9,49.4,35.4,1.24,4.65
1972-12,4.54,28.1,35.4,42.7,27.8,0.98,3.75
1973-01,2.53,26,33.7,41.4,25,0.94,4.08
1973-02,1.61,26.4,35.5,44.6,25,1.09,5.1
1973-03,6.34,44.1,53.6,63.1,43.4,1.14,9.56
1973-04,6.26,47.3,55.6,63.8,45.6,1.41,9.49
1973-05,5.18,52.9,62.7,72.6,52.6,1.03,13.73
1973-06,5.38,65.7,75.9,86.2,66,0.75,20.56
1973-07,3.36,69.1,79.2,89.2,68.6,1.29,22.96
1973-08,2.21,66.8,77.5,88.3,66.7,1.29,23.21
1973-09,1.43,63.1,73.5,84,63.8,0.99,19.41
1973-10,2.12,51,62.5,74,52.5,0.78,14.99
1973-11,7.34,41,50,59,40.6,1.12,8.03
1973-12,3.74,27.9,35.4,42.9,28.3,0.78,3.85
1974-01,4.08,31.1,37.6,44.1,31.9,0.67,3.25
1974-02,1.63,29.4,39.4,49.5,28.5,1.25,6.37
1974-03,4.47,39.9,50,60.1,40.8,1.29,8.59
1974-04,3.5,46.7,57.6,68.6,43.5,2.56,14.41
1974-05,5.67,57.3,67.2,77.1,55.8,2.56,16.56
1974-06,4.11,60.7,70.7,80.8,57.5,3.56,19.07
1974-07,1.53,67.9,79.1,90.3,66,3.51,26.71
1974-08,8.01,65.2,75,84.7,66.2,1.23,17.91
1974-09,4.42,54.9,64.4,73.9,56.4,1.17,11.86
1974-10,1.75,43.7,56.7,69.6,42.1,1.97,15.14
1974-11,4.37,39.5,48,56.4,38.4,1.48,7.2
1974-12,3.34,30.7,37.4,44.2,32.3,0.38,2.94
1975-01,4.32,29.3,37.5,45.7,30.2,0.75,4.09
1975-02,4.71,30.4,38,45.5,30.1,0.85,4.05
1975-03,7.66,33.5,42.3,51,32.6,1.11,6.33
1975-04,5.88,44.9,55.1,65.4,41.5,1.92,12.12
1975-05,3.09,59.4,69.9,80.4,59.1,1.89,18.91
1975-06,3.92,65.5,75.8,86.2,63.3,3.3,23.37
1975-07,3.56,66.9,77.8,88.7,65,3.11,25.71
1975-08,4.94,69,77.8,86.5,69.2,2.04,17.56
1975-09,2.89,56.6,66.1,75.6,56.9,1.91,14.11
1975-10,3.14,47.5,59.3,71.1,48.9,1.17,14.29
1975-11,3.97,39.6,49.6,59.6,39.9,1.04,9.18
1975-12,4.58,30.3,37.4,44.6,30.9,0.64,3.61
1976-01,2.79,21.8,30.4,39,23.2,0.51,3.18
1976-02,3.52,33.1,43.8,54.6,34.3,0.98,7.63
1976-03,2.85,41.2,52.5,63.7,42,1.02,10.38
1976-04,1.43,44.4,57.7,71,43.7,1.4,16.59
1976-05,5.32,50.9,62.1,73.2,48.3,2.23,15.76
1976-06,5.14,63.5,73.4,83.4,60.3,3.62,21.31
1976-07,3.13,66.4,77.2,88.1,65.3,2.28,24.25
1976-08,1.31,62.2,74,85.9,61.7,2.07,23.01
1976-09,3.36,55.3,67.7,80.1,54.7,2.18,20.33
1976-10,4.31,40.9,52.8,64.6,38.4,2.04,13.73
1976-11,1.03,28.9,39.2,49.4,23.8,1.92,7.54
1976-12,0.61,21.7,32.1,42.5,21,0.93,5.02
1977-01,1.95,6.7,16.1,25.4,7.1,0.56,2.02
1977-02,1.62,24.1,34,43.9,24.1,0.97,5.02
1977-03,6.39,40.1,51.5,62.8,35.7,2.24,12.26
1977-04,3.75,49.6,61.5,73.4,45.9,2.79,17.82
1977-05,2.4,59.7,71.6,83.4,56.2,3.67,24.2
1977-06,5.15,64.6,75.3,86,60.2,4.21,24.32
1977-07,4.67,71.2,80.9,90.7,69.5,3.44,24.27
1977-08,7.82,67.9,77.1,86.2,68.1,2.01,17.87
1977-09,3.8,63.1,72.9,82.8,64.6,0.95,16.54
1977-10,3.13,44.6,55.8,67,46.7,0.73,10.49
1977-11,3.9,42.1,49.3,56.5,40.2,1.6,6.58
1977-12,3.8,25.5,33.6,41.7,26.6,0.55,3.22
1978-01,3.3,13.7,21.8,29.8,14.5,0.58,2.08
1978-02,0.8,13.5,22.1,30.7,13.9,0.65,2.49
1978-03,4.52,31.4,40,48.5,30.8,1.03,5.85
1978-04,3.52,47.5,58.2,68.9,44.8,2.14,14.21
1978-05,3.96,54.3,64.6,75,53,2.42,15.32
1978-06,1.31,64.9,76.6,88.3,60.6,4.72,28.26
1978-07,5.05,69.2,79.5,89.7,66.6,4.13,25.86
1978-08,4.74,66.3,77,87.6,64.9,3.57,23.2
1978-09,1.65,61.3,72.8,84.2,61.6,2.18,19.91
1978-10,2.49,42.3,55.1,67.9,43.8,1.19,12.69
1978-11,5.29,39.9,49.6,59.3,40.1,1.18,8.58
1978-12,5.91,29.2,37.7,46.1,28.3,1.04,4.51
1979-01,4.69,14.4,21.7,29,15,0.65,1.81
1979-02,4.7,15.7,25.4,35.2,17.8,0.6,2.52
1979-03,5.2,37.7,46.7,55.7,36.8,1.4,7.07
1979-04,7.56,45.1,54.7,64.4,43.6,1.79,10.2
1979-05,3.86,52.6,64.1,75.6,52.1,1.52,16.72
1979-06,3.34,63.8,75.2,86.7,63.1,1.88,24.03
1979-07,8.79,68,76.8,85.6,67.3,2.27,18.36
1979-08,4.48,65.7,75.6,85.5,66,2.27,18.73
1979-09,3.69,57.4,68.7,80,58.7,1.41,17.44
1979-10,2.18,45.8,57.8,69.8,44.8,1.95,13.98
1979-11,7.43,35.6,45.3,55,36.4,0.86,6.82
1979-12,2.88,30.3,38.6,46.9,30.1,0.79,4.56
1980-01,1.73,27,33.9,40.7,27.5,0.57,2.94
1980-02,1.26,20,28.4,36.9,20.7,0.51,2.92
1980-03,4.59,31.8,41,50.2,32,0.66,5.42
1980-04,2.96,43.2,53.9,64.6,41.1,1.49,12.11
1980-05,3.39,55,66,77.1,53.7,1.67,16.92
1980-06,5.14,62.5,74.3,86.1,59.2,3.94,24.63
1980-07,4.1,71.8,82.3,92.8,69,3.65,28.13
1980-08,2.37,70.7,81.8,93,67.6,4.23,30.4
1980-09,3.2,60.7,73,85.4,61.1,1.7,24.2
1980-10,2.97,43.4,56,68.6,43.2,1.34,14.77
1980-11,2.57,35.7,45.5,55.3,33.5,1.42,9.05
1980-12,0.95,29.2,37.4,45.7,26.7,1.31,5.09
1981-01,0.57,21.1,29.7,38.4,18.4,0.97,4.45
1981-02,2.54,26.4,37.4,48.3,26.6,0.94,6.31
1981-03,2.19,33.6,44.9,56.2,31.1,1.23,9.67
1981-04,3.09,51.2,62.7,74.2,49.7,2.13,15.97
1981-05,10.5,51.7,61.9,72.1,53.4,0.47,12.56
1981-06,2.08,67,76.8,86.7,67.8,0.99,19.49
1981-07,6.05,69.8,79.1,88.4,69.9,2.27,19.2
1981-08,6.31,66.4,76.1,85.8,66.2,2.63,18.46
1981-09,2.52,56.7,67.9,79,56.3,2.35,17.04
1981-10,2.35,45.9,57.2,68.5,43.4,2.58,13.75
1981-11,2.62,39,49,58.9,40,0.98,7.95
1981-12,3.37,26.4,34.4,42.4,24.9,0.99,4.08
1982-01,8.44,17.6,27.4,37.2,19.2,0.45,3.17
1982-02,1.82,23.7,32.4,41.1,24.9,0.55,3.93
1982-03,4.26,37.3,48.1,58.9,37.9,0.63,9.28
1982-04,3.16,42.2,52.7,63.2,38.7,1.63,12.59
1982-05,3.19,58.4,70.6,82.8,56.8,1.84,23.46
1982-06,3.43,60.7,71.2,81.7,59.9,1.82,19.87
1982-07,1.92,69.9,79.4,88.9,69.2,1.99,22.51
1982-08,3.41,64.1,74.6,85.1,64.9,1.55,20.53
1982-09,5.02,57,67.7,78.5,57.9,1.47,15.85
1982-10,2.23,46.3,58.9,71.6,47.2,1.19,15.47
1982-11,4.23,39.5,48.9,58.2,38,1.87,8.27
1982-12,7.47,38.1,45.4,52.7,37.1,1.4,5.92
1983-01,1.91,28.2,34.7,41.2,24.6,1.12,4.23
1983-02,0.74,29.2,38.4,47.6,28.3,0.96,6.34
1983-03,4.18,37.2,46.1,55,34,1.45,9.4
1983-04,11.14,42.6,51,59.3,39.9,1.86,8.86
1983-05,10.39,52.8,63.2,73.5,51.5,2.13,14.65
1983-06,3.99,62.9,74.4,86,60.7,2.62,25.97
1983-07,1.91,69.9,81.4,92.9,67.1,3.74,31.95
1983-08,0.72,69.8,82.3,94.9,66.6,3.52,35.6
1983-09,0.64,58.7,71.8,84.9,55.8,2.88,26.92
1983-10,5.77,48.9,59.8,70.8,48.5,1.48,14.29
1983-11,5.5,39,48.6,58.2,38.7,1.22,7.95
1983-12,3.83,20.3,27.1,33.8,19.9,0.75,2.25
1984-01,0.92,19.4,27.3,35.2,20.2,0.61,2.87
1984-02,3.01,29.8,39.8,49.9,30,0.92,6.64
1984-03,8.16,32.4,39.8,47.3,31.3,1.07,4.65
1984-04,5.65,45.6,54.7,63.8,42.8,1.89,11.05
1984-05,4.18,52.9,63.2,73.5,50,2.46,15.99
1984-06,1.96,67.7,78.5,89.3,62.8,4.59,28.63
1984-07,2.23,65.4,76.5,87.5,62.8,3.49,25.47
1984-08,2.94,66.3,77,87.6,64.8,2.96,23.09
1984-09,5.83,56.8,68,79.2,54.9,2.89,18.78
1984-10,5.65,54,63.1,72.2,53.3,2.16,12.48
1984-11,5.39,34.9,45.1,55.4,33.8,1.26,7.75
1984-12,5.95,35.3,43.8,52.3,36.8,0.98,5.02
1985-01,2.89,17.4,24.9,32.3,17.3,0.61,2.37
1985-02,4.71,20.9,29.8,38.6,21.5,0.75,3.9
1985-03,5.76,40.3,50.5,60.7,38.5,1.65,10.26
1985-04,3.37,49.5,60,70.4,46.3,2.22,14.65
1985-05,3.37,56.5,67.1,77.7,54.1,2.65,18.13
1985-06,6.01,64.2,73.8,83.5,60.4,4.03,21.49
1985-07,1.45,68.4,78.7,89,64.3,5.13,27.27
1985-08,6.59,66,75.3,84.7,65,3.05,19.57
1985-09,2.69,57.4,69.4,81.4,55.9,3,21.02
1985-10,5.27,51.1,61.5,71.8,50.6,1.26,13.56
1985-11,8.73,43.4,51.5,59.5,45.3,0.83,5.6
1985-12,1.53,20.8,29.5,38.3,21.6,0.61,3.12
1986-01,1.14,23.1,33.6,44.1,22.4,0.74,5.39
1986-02,5.52,31.2,38.7,46.2,32.7,0.51,3.77
1986-03,2.74,35.9,47.2,58.4,34,1.24,10.56
1986-04,2.13,46.3,59.1,71.9,45.3,0.95,17.1
1986-05,3.55,57.8,67.9,78.1,57.9,0.87,16.16
1986-06,3.86,66.8,76.8,86.7,66.2,1.88,21.43
1986-07,4.76,70.7,80.9,91.2,70,1.92,25.42
1986-08,3.36,62.9,73.7,84.6,62.9,1.38,20.9
1986-09,3.63,62.7,73.1,83.5,62.9,1.47,18.96
1986-10,4.13,48.5,59.2,69.9,50.7,0.57,11.53
1986-11,2.56,37.6,44.9,52.2,38.7,0.65,5.17
1986-12,2.27,29.1,36.1,43,30.4,0.41,3.3
1987-01,0.92,25.9,32.7,39.5,25.5,0.56,3.32
1987-02,2.67,30.6,38.9,47.2,30.7,0.57,5.11
1987-03,3.36,37.7,49.2,60.6,35.4,1.21,10.91
1987-04,2.47,43.3,54.8,66.2,41.9,1.16,13.49
1987-05,2.11,60,72.1,84.1,59.8,1.08,22.4
1987-06,4.94,66.9,77.1,87.3,66.8,1.32,20.91
1987-07,5.15,69,78.9,88.7,70.3,0.64,20.25
1987-08,0.93,67.7,79.2,90.8,66.9,2.14,26.73
1987-09,1.64,59,72,85,57.7,1.37,26.26
1987-10,0.91,39.6,52.4,65.3,37.7,1.11,14.05
1987-11,3.38,40.1,51.2,62.4,36.2,1.43,12.48
1987-12,5.68,32,39.6,47.2,32.4,0.61,4.43
1988-01,2.79,21.4,29.3,37.1,20.7,0.69,3.44
1988-02,4.23,24.9,33.9,42.9,25.1,0.62,4.42
1988-03,2.92,34.9,46,57.1,33.2,1.13,10.38
1988-04,2.49,43.9,56.6,69.4,40.5,1.61,15.84
1988-05,1.51,53,66.8,80.6,48.4,2.22,25.34
1988-06,0.88,62.1,76.2,90.4,55.6,4.36,35.71
1988-07,5.35,68.3,79.2,90.1,66.3,2.22,26.8
1988-08,3.26,68.8,79.9,90.9,69.6,0.94,24.43
1988-09,1.99,59.1,70.3,81.4,60,1.14,18.49
1988-10,2.88,39.7,52.2,64.7,39.6,0.79,12.84
1988-11,7.97,36.5,47.2,57.8,38.5,0.77,7.82
1988-12,2.46,27.1,37.4,47.6,25.9,0.87,6.46
1989-01,4.17,30.4,39.6,48.9,32.1,0.49,5.11
1989-02,7.92,25.3,32.5,39.8,24.2,0.7,3.81
1989-03,7.61,36.1,47,57.9,37,0.73,8.96
1989-04,3.18,45.3,56.4,67.6,43.3,1.46,14.78
1989-05,3.93,53.1,63.1,73.2,51.2,1.9,15.32
1989-06,3.95,64.2,73.9,83.5,64.6,1.09,19.31
1989-07,4.82,68.5,77.5,86.4,69.5,0.71,19.03
1989-08,2.64,67.1,76.8,86.6,67.9,0.97,19.08
1989-09,3.11,58.5,68.5,78.5,60.4,0.7,15.11
1989-10,2.38,46.4,59,71.5,48,0.66,15.78
1989-11,2.16,36,46.2,56.4,35.7,1.14,8.07
1989-12,1.69,14.8,24,33.2,15.7,0.51,3.4
1990-01,4.67,33.1,41.7,50.3,33,0.74,5.46
1990-02,6.35,34.1,43.3,52.5,35.2,0.69,5.8
1990-03,2.63,40.1,49.3,58.5,38.6,0.94,8.84
1990-04,3.96,43.2,54.2,65.1,43.1,1.02,12.05
1990-05,10.06,54.8,63.3,71.9,53.9,1.51,12.15
1990-06,3.92,64.7,75.1,85.6,63.5,2.13,22.44
1990-07,1.77,66.8,77.4,87.9,66,2.12,25.02
1990-08,3.67,65.2,75.4,85.7,65.5,1.21,21.87
1990-09,2.99,60.8,71.4,82,61.4,1.18,20.15
1990-10,5.11,43.3,56.3,69.3,45.3,0.67,14.43
1990-11,2.85,39.4,51,62.6,40.7,0.9,11.06
1990-12,7.83,28.9,38.5,48.2,31.2,0.56,4.83
1991-01,3.56,25.7,31.6,37.5,27,0.31,2.14
1991-02,3.58,29.9,39.4,49,30.6,0.58,5.42
1991-03,5.43,38.9,48.8,58.7,37.8,1.23,9.13
1991-04,2.73,49.6,59.6,69.5,50.6,0.62,11.33
1991-05,3.13,62.8,71.8,80.8,64.5,0.47,14.34
1991-06,1.53,67.4,77.2,87.1,66.6,1.45,21.81
1991-07,2.02,69.1,79.6,90,67.5,2.45,25.45
1991-08,1.45,65.6,77.6,89.7,64.6,1.64,28.03
1991-09,4.45,59.7,70.9,82.2,59.2,1.16,21.73
1991-10,2.62,48.2,60.2,72.2,47.5,1.04,15.6
1991-11,3.01,36.1,43.6,51.1,34.6,0.95,5.47
1991-12,4.23,31.9,40.1,48.3,31.9,0.66,4.9
1992-01,1.12,28.2,35.4,42.7,28.4,0.51,3.6
1992-02,1.79,32.1,42.1,52.2,32.3,0.64,6.94
1992-03,5.14,36.3,46.5,56.7,36.2,0.73,8.75
1992-04,1.82,47.7,57.8,67.9,44.2,1.79,14.33
1992-05,5.08,54,64.2,74.5,52.5,1.39,16.14
1992-06,1.65,61.8,71.7,81.6,59.5,2.28,20.58
1992-07,7.08,69.9,78.8,87.7,69,2.08,20.87
1992-08,3.42,63.3,73.3,83.3,63.4,1.37,19.02
1992-09,3.5,58.6,69.1,79.6,59.7,1.1,16.96
1992-10,0.99,45.6,57.6,69.7,44.5,1.42,15.62
1992-11,4.47,39.6,47.2,54.8,38.2,0.88,7.2
1992-12,1.73,28.3,36.1,43.8,29.6,0.54,4
1993-01,4.41,28.7,35.9,43.1,28.1,0.75,3.99
1993-02,3.82,23.4,32.8,42.2,23.2,0.65,5.06
1993-03,3.29,32.6,41.7,50.7,32.6,0.74,6.73
1993-04,5.22,44,53.9,63.8,42.5,1.34,11.14
1993-05,4.14,56.9,66.8,76.8,55.3,1.89,17.37
1993-06,4.7,65,75.1,85.2,63.6,1.96,22.77
1993-07,3.87,73.1,82.6,92,71.4,2.63,26.09
1993-08,1.62,68.8,79.2,89.5,68,1.79,25.5
1993-09,6.32,58.4,68,77.7,57.5,1.54,16.93
1993-10,3.13,44.4,56.1,67.8,45.5,0.74,12.69
1993-11,5.86,36.5,45,53.6,35.9,0.89,6.32
1993-12,3.17,29.5,36.2,42.8,29.6,0.48,3.6
1994-01,3.46,19.2,26.9,34.6,21,0.41,2.44
1994-02,2.22,27.1,36.6,46,26.9,0.72,5.78
1994-03,2.44,34.2,45.3,56.4,32.7,1.14,9.8
1994-04,4.78,47.8,58.9,70,44.4,2.21,15.67
1994-05,1.74,52.7,64,75.3,49.9,2.13,18.72
1994-06,3.35,67.8,78.2,88.7,65.8,2.71,26.07
1994-07,1.85,69.5,79,88.6,67.3,2.81,24.98
1994-08,2.75,64.5,75.7,87,63.6,2.43,24.5
1994-09,2.45,56.7,68.1,79.6,56.8,1.58,20.5
1994-10,2.45,48.3,60.5,72.7,47.5,1.34,16.68
1994-11,6.34,43.4,52.5,61.7,42.2,1.34,9.01
1994-12,3.43,33.8,41.6,49.5,34.5,0.64,4.79
1995-01,2.85,28.4,35,41.6,28.7,0.63,3.18
1995-02,3.03,26.4,36,45.5,24.3,1.01,6.32
1995-03,2.59,38.2,49.5,60.8,35.2,1.68,12.34
1995-04,5.63,46.5,58.2,70,42.6,2.11,16.12
1995-05,11.14,56.3,65.8,75.3,55.6,1.42,15.36
1995-06,4.63,64.8,75.3,85.9,63.4,1.85,23.7
1995-07,2.91,70.4,80.3,90.1,67.7,2.9,27.19
1995-08,3.57,72.9,83,93.1,71.4,2.38,28.1
1995-09,0.75,57.5,68.9,80.4,56.2,1.66,21.61
1995-10,1.97,48.2,60.6,73.1,46.2,1.58,18.15
1995-11,2.24,31.6,41.8,52.1,31.7,0.85,6.87
1995-12,3.25,26,34.9,43.8,26.2,0.56,5.25
1996-01,4.16,23.4,31.8,40.2,25.8,0.47,3.39
1996-02,1.02,26.6,36,45.5,26.4,0.73,5.82
1996-03,5.17,28.9,38.3,47.8,28.2,0.64,6.1
1996-04,11.76,41.6,52.8,64.1,40.4,1.22,11.68
1996-05,7.03,57.9,67.6,77.2,58.5,1.33,14.78
1996-06,5.25,64.8,74,83.3,64.4,1.37,18.92
1996-07,3.81,65.6,75.7,85.9,64.5,1.85,20.98
1996-08,1.44,65.3,75.9,86.4,66.6,0.77,20.66
1996-09,8.11,55.9,67,78,58.6,0.34,15.85
1996-10,2.39,46.5,57.8,69,49.7,0.44,11.03
1996-11,5.56,32.8,40.7,48.6,33.6,0.53,4.68
1996-12,4.55,30.4,38.2,46.1,32.1,0.52,3.71
1997-01,3.52,21.1,28.9,36.8,23.4,0.33,2.62
1997-02,2.55,31.8,39.7,47.6,33.1,0.43,4.55
1997-03,8.58,36.8,47.5,58.1,39.3,0.51,7.63
1997-04,3.56,39.4,50.7,62,39.9,0.73,10.17
1997-05,7.54,50.6,61.2,71.9,49.2,1.3,13.93
1997-06,5.79,64.5,72.1,79.6,64.7,0.89,13.86
1997-07,2.59,66.9,77.5,88,67.3,1.08,22.31
1997-08,3.82,64.6,74.2,83.8,65.3,1.08,17.73
1997-09,1.45,56.9,68.7,80.5,59,0.61,18.93
1997-10,1.57,45.5,57.4,69.3,46.5,0.83,14.37
1997-11,2.73,34.5,42.5,50.5,34.9,0.48,5.86
1997-12,3.73,29.1,36.1,43.1,30.7,0.26,3.4
1998-01,2.48,32.5,39.1,45.8,33.5,0.5,3.63
1998-02,3.18,33.9,42,50,34.8,0.49,5.68
1998-03,2.5,36.9,45.7,54.4,36,1.36,8.03
1998-04,7,45.4,55.3,65.3,45.1,0.84,10.99
1998-05,6.06,60.5,69.8,79.1,60.9,0.89,15.99
1998-06,6.9,66.5,75.6,84.7,66.8,1.53,18.52
1998-07,4.95,70.2,78.1,86,70.4,1.02,16.78
1998-08,2.82,67.1,77,86.9,68.3,0.73,19.71
1998-09,0.63,61.5,74.2,86.9,61.9,0.97,25.36
1998-10,3.8,47.9,60.5,73.2,49.9,0.61,15.44
1998-11,2.33,38.3,48.7,59.1,40,0.52,8.09
1998-12,3.67,31.1,39.8,48.6,33.6,0.33,4.96
1999-01,6.73,25.7,34.4,43.1,28.3,0.48,3.67
1999-02,2.49,31.5,41.2,50.9,32,0.62,6.38
1999-03,3.88,31.6,41.3,51,29.2,0.81,7.76
1999-04,5.32,48.6,57.9,67.3,48.8,1,10.63
1999-05,3.2,54.7,66,77.3,54.4,0.95,17.36
1999-06,5.26,66.2,75,83.8,65.5,1.3,17.51
1999-07,2.24,70.3,79.9,89.5,70.5,1.29,21.29
1999-08,0.81,62.4,75.4,88.3,62.7,1.27,26.94
1999-09,0.41,53.3,69.2,85.2,51,1.78,30.02
1999-10,3.19,43.7,57.4,71.1,44.3,0.82,15.88
1999-11,0.83,40.4,52.4,64.5,39.8,1.01,11.9
1999-12,4.89,28.5,37.5,46.5,29.1,0.51,4.87
2000-01,5.62,25.4,33.7,42,25.3,0.57,4.34
2000-02,5.98,32.2,42,51.9,32.8,0.71,6.85
2000-03,3.41,37.6,49,60.4,38.4,0.71,10.09
2000-04,2.39,42.8,54.3,65.9,42.8,0.87,12.03
2000-05,3.08,57.7,68,78.2,57.8,1.2,16.12
2000-06,6.58,64.8,74.6,84.5,63.7,1.59,20.38
2000-07,3.68,67,76.1,85.2,67,1.17,18.52
2000-08,5.15,68,77.3,86.6,68.5,1.06,18.67
2000-09,4.89,58.7,69.3,79.9,59.8,0.68,16.5
2000-10,0.87,49.8,61.6,73.4,49.8,0.97,15.48
2000-11,3.6,35.5,44.6,53.7,35.2,0.64,6.78
2000-12,4.2,16.3,24.3,32.3,18.4,0.32,2.17
2001-01,1.25,23.4,31.2,39.1,24.2,0.51,3.54
2001-02,2.98,31.3,39.7,48.2,30.2,1,5.49
2001-03,2.15,31.4,41.1,50.8,29.5,0.78,7.25
2001-04,1.97,50.5,61.4,72.3,47.5,2.28,15.82
2001-05,3.12,57.5,68.7,79.8,54.9,2.12,20.53
2001-06,3.83,63.4,73.5,83.5,63,1.15,19.74
2001-07,5.1,68.6,78.4,88.1,69,1.06,20.33
2001-08,4.4,68.8,78.4,87.9,68.9,1.03,20.95
2001-09,2.96,56,68.2,80.3,57.8,0.64,19.3
2001-10,7.75,45.2,57.4,69.6,45.4,0.92,13.88
2001-11,5.89,38.9,51.6,64.4,40.2,0.81,11.6
2001-12,7.51,33.6,41.4,49.2,33.8,0.63,4.84
2002-01,2.39,28.5,37.7,46.9,28.9,0.61,5.4
2002-02,2.24,29.1,39.1,49.1,27.8,0.74,6.79
2002-03,6.3,34.1,44.2,54.3,34.4,0.69,6.86
2002-04,8.8,48.6,59.4,70.1,48.8,1.23,12.16
2002-05,6.39,54,64.1,74.2,53.8,1.2,14.1
2002-06,4.83,67.4,77.6,87.8,66.4,1.66,23.74
2002-07,3.4,71.3,81.3,91.3,70.3,1.6,25.64
2002-08,0.62,69.4,80,90.6,67.6,1.69,26.97
2002-09,5.55,62,73.9,85.9,60.5,1.58,25.52
2002-10,3.91,48.9,57.9,66.9,49.1,0.79,10.99
2002-11,2.85,35.1,43.6,52.1,35.9,0.55,6.04
2002-12,4.75,29,36.1,43.2,29.5,0.47,3.79
2003-01,2.61,20.5,28.5,36.5,18.9,0.7,3.44
2003-02,6.09,24.8,31.9,39,25.4,0.52,3.02
2003-03,2.55,36.3,47.3,58.3,36.9,0.97,9.05
2003-04,4.16,47.6,58,68.3,45.2,1.75,13.29
2003-05,7.18,56.8,65.6,74.4,56.4,1.56,12.62
2003-06,4.65,60.8,70.6,80.5,59.8,1.4,18.22
2003-07,4.07,68.5,78.4,88.2,67.9,2.01,21.99
2003-08,3.15,68.4,78.5,88.5,68.7,1.58,21.98
2003-09,3.49,57.5,68.8,80,58.5,0.98,17.7
2003-10,2.41,47.1,58.7,70.2,47.6,0.89,14.67
2003-11,4.73,42.1,51,59.9,42.2,1.1,8.32
2003-12,1.86,31.9,39.1,46.3,29.5,0.92,4.95
2004-01,4.69,23.2,31.5,39.9,24,0.53,3.56
2004-02,1.19,25.6,35.1,44.6,25.7,0.66,5.41
2004-03,3.54,39.7,50.5,61.2,37.6,1.3,10.94
2004-04,2.46,47,57.4,67.7,43,1.97,13.83
2004-05,7.91,61.5,70.7,80,61.2,1.73,16.06
2004-06,1.89,65.8,75.1,84.4,63.2,2.51,20.05
2004-07,6.93,67.5,76.4,85.4,67.4,2.12,18.53
2004-08,3.3,63.5,74,84.5,63.4,1.61,20.69
2004-09,0.06,58.1,70.7,83.4,59.2,0.93,22.29
2004-10,5.14,51,61.3,71.6,50.9,1.01,13.52
2004-11,5.35,43.4,51.3,59.2,42.4,1.07,7.28
2004-12,2.62,24.2,33.7,43.2,27.4,0.38,3.89
2005-01,4.8,31.7,38.7,45.7,32.1,0.45,3.3
2005-02,2.62,32.9,41.1,49.3,33.9,0.58,5.18
2005-03,2.98,33.6,43.1,52.6,31.3,1.07,7.37
2005-04,2.34,47.3,58.3,69.2,45.5,1.32,14.9
2005-05,2.09,53.3,64.4,75.5,50.5,2.13,17.69
2005-06,4.09,67.3,76.8,86.3,64.5,2.67,23.02
2005-07,3.15,68.7,78.1,87.6,68.1,2.13,21.24
2005-08,9.38,71.2,81,90.8,69.3,1.71,25.78
2005-09,1.79,62.9,74.2,85.4,62.8,1.28,22.95
2005-10,0.6,47.9,59.2,70.6,48.8,0.77,14.35
2005-11,6.41,39.5,50.2,60.9,36.3,1.41,10.63
2005-12,1.76,25.6,32.8,40,25.9,0.61,3.37
2006-01,4.79,33.9,43,52.1,34.1,0.91,6.01
2006-02,2.04,26,35.2,44.4,25.2,0.81,5.57
2006-03,8.62,37.4,46.9,56.3,35.6,1.04,8.63
2006-04,3.34,50.7,61.9,73.2,49,1.77,16.09
2006-05,4.7,54.7,64.9,75.1,54,1.03,16.63
2006-06,3.03,65.6,75.6,85.6,62.7,2.15,22.93
2006-07,5.63,69.9,79.2,88.4,68,2.02,22.66
2006-08,5.62,70.7,79.9,89.2,69.3,2.09,22.58
2006-09,11.44,56.3,65.9,75.5,57.7,0.77,13.7
2006-10,5.87,44.6,54.8,65,44.5,0.95,11.52
2006-11,4.05,37,46.4,55.8,37.8,0.8,7.2
2006-12,5.85,32.4,41.1,49.7,32.4,0.76,5.34
2007-01,5.73,30.2,37.9,45.6,29.6,0.78,4.09
2007-02,3.33,20.6,29,37.4,17.3,0.75,4.03
2007-03,2.16,42.6,53.4,64.2,40.4,1.41,12.24
2007-04,4.18,43.1,54,64.9,40.1,1.49,13.88
2007-05,2.21,60.3,71,81.8,55.7,3.13,22.46
2007-06,3.03,66.3,76.9,87.4,61.9,3.47,25.5
2007-07,2.54,66.4,76.8,87.2,63.7,2.67,24.58
2007-08,1.42,72.7,84.4,96.1,66.3,5.12,37.44
2007-09,2.67,63.2,74.9,86.7,57.9,3.2,28
2007-10,4.89,54.2,64.7,75.2,50.9,2.45,18.34
2007-11,1.97,36.9,46.7,56.5,35,1.24,8.44
2007-12,6.62,31.4,38.9,46.4,32.1,0.69,4
2008-01,3.21,23.5,32.9,42.4,23.2,0.78,4.58
2008-02,6.41,27.2,35.2,43.1,26.9,0.75,4.01
2008-03,11.8,35.1,44.1,53.1,34.7,1.08,7.09
2008-04,7.19,45.9,56.1,66.4,43.9,1.73,12.6
2008-05,6.89,54.2,63.8,73.3,52,2.2,14.92
2008-06,3.21,66.5,76.8,87.2,63.5,3.04,24.5
2008-07,3.55,68.6,77.9,87.3,65.6,3.17,23.79
2008-08,0.57,66.5,76.6,86.7,63.5,3.03,24.05
2008-09,1.62,61.4,72.7,84,58.9,2.51,24.17
2008-10,1.94,46.4,58.5,70.6,44,1.65,16.72
2008-11,3.37,33.9,44.3,54.6,32.7,0.89,9.3
2008-12,4.54,26.2,35.6,45,26.2,1.03,4.77
2009-01,2.91,20.3,29.1,37.8,20.6,0.49,3.46
2009-02,2.95,28.2,37.8,47.4,28.2,0.8,5.79
2009-03,3.28,38.6,48.7,58.8,36.1,1.46,10.38
2009-04,5.81,46.7,57.2,67.6,43.7,1.81,14.39
2009-05,7.14,57.5,67.1,76.7,55.8,1.36,16.45
2009-06,2.73,67.9,77.9,87.9,64.9,2.96,25.21
2009-07,6.58,65.2,74,82.8,63.7,1.85,18.99
2009-08,2.33,65.5,75.4,85.3,65.3,1.73,20.49
2009-09,6.36,61.7,70.8,79.8,60.7,1.77,16.5
2009-10,8.26,45.2,54.3,63.4,46,0.98,9.35
2009-11,1.55,40.5,50.9,61.2,39.8,1.1,10
2009-12,3.54,28,35.3,42.5,26.9,0.68,3.96
2010-01,2.7,20.7,28.2,35.7,21.7,0.44,2.68
2010-02,1.61,21.7,29.4,37.2,22,0.51,3.54
2010-03,4.12,37.3,47.2,57,36.7,0.89,8.89
2010-04,3.35,50.1,62,73.9,46.1,2.11,19.15
2010-05,4.19,59.5,68.9,78.3,57.8,2.06,17.32
2010-06,3.18,69.9,79.5,89.2,68.3,2.76,23.96
2010-07,5.31,70.7,80.6,90.6,68.7,2.65,25.64
2010-08,0.97,69.7,81.4,93.1,66.6,3.48,32.38
2010-09,0.66,59,72.4,85.8,54.8,3.08,29.61
2010-10,1.23,45.9,60.6,75.3,40.6,2.19,22.66
2010-11,7.77,35.5,47.2,58.9,34.8,1.12,10.28
2010-12,1.62,22.9,29.7,36.5,22.6,0.69,3.02
2011-01,1.83,22.2,29.3,36.5,21.9,0.63,3.11
2011-02,4.36,28.9,38.1,47.3,28.2,1.25,6.12
2011-03,5.55,38.7,47.7,56.6,35.5,1.79,9.04
2011-04,13.07,49.9,60.1,70.3,47.4,2.25,13.73
2011-05,7.88,56.9,65.8,74.8,55.7,1.93,15.2
2011-06,6.46,67.5,77.6,87.6,64.6,2.94,24.47
2011-07,5.89,73,82.7,92.4,71.3,2.62,26.08
2011-08,0.73,68.2,78.8,89.3,65,3.26,26.89
2011-09,8.75,58.4,68.1,77.7,55.7,2.33,19.33
2011-10,2.22,45,57.7,70.5,43.7,1.37,17.2
2011-11,8.44,41.3,50.5,59.7,39.9,1.5,8.67
2011-12,6.4,32.6,40.6,48.5,33.6,0.67,4.8
2012-01,3.24,28.3,37.6,46.9,28.1,0.79,5.27
2012-02,1.62,31.6,40.6,49.6,31.2,0.8,6.42
2012-03,2.61,48,59.4,70.8,46,2.02,15.27
2012-04,1.61,47,59.4,71.9,45.5,1.62,16.5
2012-05,2.69,61,72.6,84.2,57.8,2.47,24.77
2012-06,1.16,64.2,76.6,89,56.9,4.89,33.01
2012-07,2.37,72.6,84.7,96.9,67.5,4.29,39.41
2012-08,4.03,64.6,76.9,89.3,61.6,2.64,30.04
2012-09,6.37,58.8,69.3,79.8,58.2,1.39,18.57
2012-10,3.16,46.5,56.6,66.7,44.7,1.83,12.71
2012-11,1.26,32.2,43.8,55.4,32.9,0.77,8.88
2012-12,3.66,35.5,43.6,51.8,35.6,1.05,5.72
2013-01,6.64,26.9,35.3,43.6,26.9,0.82,4.1
2013-02,2.84,27.2,36.1,45.1,26.3,0.87,5.46
2013-03,4.06,31,39.2,47.5,28.9,1,5.88
2013-04,3.96,45.8,56.3,66.9,42.5,2.15,13.24
2013-05,5.29,57.2,67,76.9,55.7,2.16,16.88
2013-06,9.39,65.4,75,84.6,64.4,2.06,20.82
2013-07,4.43,67.1,76,84.9,66.2,1.91,20.4
2013-08,0.84,67.9,77.2,86.4,66.5,2.4,21.36
2013-09,3.85,61.5,72,82.4,61.8,1.56,19.66
2013-10,6.1,48.7,58.9,69.1,49.4,1.05,12.15
2013-11,3.39,33.4,43.3,53.2,32.8,0.95,7.59
2013-12,7.23,26.8,35.1,43.4,27.8,0.7,4.11
2014-01,1.52,17,26.9,36.7,16.5,0.71,3.98
2014-02,2.33,21,29.7,38.4,20,0.82,4.42
2014-03,3.21,29.4,40.7,52,28.8,0.85,8.39
2014-04,12.24,48,58.4,68.7,43.7,2.03,14.91
2014-05,3.93,58.4,67.8,77.2,55.1,2.59,18.33
2014-06,4.28,68.3,76.6,84.9,65.6,2.77,20.99
2014-07,4.44,64.8,74.6,84.5,62.2,2.73,22.08
2014-08,5.72,69.8,78.2,86.6,67.8,2.29,20.65
2014-09,2.79,58.4,69.1,79.8,58.8,1.43,18.51
2014-10,4.54,49.3,59.6,69.9,49.7,1.06,13.49
2014-11,2.85,30.6,39.3,47.9,28.6,1.14,6.14
2014-12,3.47,33.8,39.8,45.8,33.8,0.88,3.44
2015-01,2.55,24.2,32.5,40.9,23.3,0.71,4.27
2015-02,2.48,16.6,26.1,35.5,16.4,0.86,3.74
2015-03,7.34,33.9,43.7,53.5,33,1.17,7.64
2015-04,7,49.1,59.2,69.4,45.5,2.01,13.87
2015-05,4.26,58.9,68.6,78.3,56.3,2.2,17.92
2015-06,9.07,66.1,75.4,84.7,65.9,1.4,19.81
2015-07,6.07,70.8,79,87.2,69.8,2.61,19.04
2015-08,4.15,65.5,75.2,84.8,64.6,1.75,20.47
2015-09,1.38,61.6,72.9,84.3,60,1.92,24.31
2015-10,3.61,49.7,60.5,71.3,47.2,1.63,15.39
2015-11,5.65,42.4,52,61.6,40.8,1.25,9.79
2015-12,5.96,40.2,47.8,55.4,40.3,1.24,5.66
2016-01,2.25,24.3,32.7,41.2,23.2,1.06,4.54
2016-02,4.21,31.1,39.5,48,29.5,1.13,6.39
2016-03,6.14,41.6,51.5,61.5,40.1,1.43,10.11
2016-04,5.77,46.9,58.2,69.5,44.7,1.68,14.83
2016-05,5.24,54.2,63.7,73.2,54.2,0.84,14.03
2016-06,3.18,67.2,77.9,88.6,65.9,1.65,25.44
2016-07,10.36,70.2,79,87.8,70.5,1.47,18.83
2016-08,3.84,71.6,79.6,87.6,71,1.69,19.01
2016-09,3.38,63.1,74.4,85.7,62.9,1.81,24.11
2016-10,0.61,53.2,64.7,76.1,53.2,1.65,17.42
2016-11,3.04,39.7,51.2,62.8,40.1,1.04,11.81
2016-12,3.84,27.6,35.9,44.1,26.9,0.96,4.35
2017-01,2.93,32,39.4,46.8,33,0.84,3.95
2017-02,0.98,34.5,45.2,56,34.2,1.06,8.61
2017-03,4.88,38.5,48.6,58.7,35.9,1.52,9.93
2017-04,9.08,51.7,62.2,72.6,49.6,2.21,16.28
2017-05,5.04,57.6,67.4,77.1,55.2,2.37,18.19
2017-06,2.49,65,75.3,85.6,61.1,2.8,24.66
2017-07,4.57,69.9,79.5,89.1,69.2,1.88,24.3
2017-08,3.18,65.6,74.9,84.3,64.1,2.02,21.02
2017-09,2.76,60.9,71.5,82.1,59.8,1.67,20.81
2017-10,4.42,51,60.9,70.8,50.3,1.46,13.94
2017-11,1.88,37.2,46.9,56.5,37.6,0.76,7.22
2017-12,2.79,27.2,35.9,44.5,26.5,0.61,5.22
2018-01,3.85,19.2,28.3,37.3,21.6,0.4,3.51
2018-02,9.31,31.2,40.7,50.2,34.7,0.32,5.04
2018-03,4.72,35.6,43.9,52.2,34.9,0.55,6.18
2018-04,3.8,40.2,50.7,61.2,38,1.38,10.76
2018-05,5.52,63.9,73.9,84,62.5,1.39,21.01
2018-06,8.91,69.2,78.4,87.5,69,1.29,20.25
2018-07,2.41,69.4,78.8,88.2,69.1,1.33,21.89
2018-08,2.16,68.6,77.8,86.9,68.6,0.99,21.24
2018-09,8.25,65.3,74.5,83.8,65.6,0.9,19.69
2018-10,1.36,49.1,59.3,69.5,50,0.58,13.46
2018-11,4.97,32.7,40.7,48.8,34.7,0.33,4.89
2018-12,5.53,32.9,40.3,47.8,34.1,0.42,4.43
2019-01,4.8,26.8,33.9,41.1,28.4,0.34,2.89
2019-02,7.61,29.5,38.9,48.3,32.6,0.4,4.11
2019-03,7.45,33.4,42.4,51.4,32.1,0.62,7.24
2019-04,5.99,47.9,58.2,68.5,46.5,1.19,13.31
2019-05,6.44,60,68.8,77.7,60.1,1.31,15.44
2019-06,7.95,65.2,74.2,83.1,64.1,1.21,18.23
2019-07,3.7,70.2,79.2,88.2,68.9,2.26,21.63
2019-08,5.52,67.6,77.2,86.9,67.1,2.18,21.06
2019-09,0.11,65.3,77.1,88.9,63.1,2.88,27.61
2019-10,6.27,48.7,60.4,72.1,48.6,1.45,16.27
2019-11,5.03,31.1,40.3,49.4,31.5,0.86,6.07
2019-12,4.13,32.4,41.6,50.9,34.1,0.79,5.76
2020-01,4.92,31.1,38.2,45.3,30.6,0.79,4.25
2020-02,4.04,30.1,38.1,46.2,29.8,0.81,4.94
2020-03,7.62,40.2,49.6,58.9,40.3,1.15,8.35
2020-04,3.84,43.6,53.9,64.2,40.5,1.7,12.34
2020-05,6.8,55.3,64.1,72.9,53.4,1.82,14.7
2020-06,6.12,66.2,76.2,86.2,61.7,3.52,24.97
2020-07,6.6,71.2,80.4,89.5,69.9,2.56,23.36
2020-08,7.58,67.8,76.6,85.3,66.8,2.57,19.28
2020-09,2.17,60,70.2,80.4,59,2.02,18.84
2020-10,7.66,47.6,58,68.5,47,1.4,13.73
2020-11,3.34,40.3,51.1,61.9,38.2,1.79,11.25
2020-12,2.07,29.5,38.4,47.3,28.7,1.14,5.89
2021-01,3.3,28.5,35.3,42,27.6,0.83,3.89
2021-02,4.1,21.3,29.1,36.8,21.3,0.84,3.76
2021-03,5.94,40.3,51.5,62.7,37.8,1.21,11.84
2021-04,2.66,46.6,57.2,67.8,41.7,1.45,15.39
2021-05,3.69,54.4,64.7,75.1,51.6,1.58,17.53
2021-06,3.27,67.2,76.3,85.4,65.4,2.03,21.33
2021-07,6.24,69.4,78.2,87.1,69.3,1.05,20.01
2021-08,5.97,70.1,79.3,88.5,69.2,1.15,22.5
2021-09,4.06,62.6,72.6,82.7,61.4,0.8,20.84
2021-10,4,55.6,65,74.3,56,0.87,14.22
2021-11,1.73,32.6,43.8,55,33.2,0.65,8.49
2021-12,4.1,37.1,47.2,57.2,39.1,0.72,6.75
2022-01,4.48,20.9,30,39.1,21.9,0.59,3.7
2022-02,6.93,25.7,35.3,44.9,26,0.8,5.33
2022-03,5.63,37.4,48.5,59.6,35,1.2,10.88
2022-04,4.33,45.6,55.4,65.1,42.3,1.65,13.1
2022-05,3.72,59.9,69.6,79.3,57.9,2.05,19.01
2022-06,1.97,66.6,77.3,87.9,62.4,3.05,27.38
2022-07,6.49,72,80.8,89.6,70,2.37,23.91
2022-08,3.19,69.1,78,86.9,68,1.85,21
2022-09,3.99,60.7,71.5,82.3,59.4,1.38,21.1
2022-10,1.4,45,57.7,70.3,40.9,1.93,17.27
2022-11,1.43,36.3,46.6,56.9,34.7,1.04,9.62
2022-12,3.51,29.1,36.2,43.4,29.3,0.63,3.62
2023-01,5.35,34,41.4,48.8,35,0.47,4.44
2023-02,2.78,33.4,43.6,53.8,33.3,0.95,7.81
2023-03,8.35,36.3,46.1,56,34.7,0.81,8.83
2023-04,2.94,46.1,57.9,69.7,42,1.65,16.86
2023-05,4.3,57.2,67,76.8,53.5,2.13,17.99
2023-06,2.89,63.3,74.2,85.1,59.1,2.75,25.63
2023-07,3.5,70.4,79.5,88.5,69.2,2.36,22.24
2023-08,5.83,68.1,77.3,86.5,68.7,1.08,19.66
2023-09,1.14,60.5,71.9,83.3,59.8,1.24,22.29
2023-10,3.74,50.4,61,71.7,49.3,1.27,16.11
2023-11,0.81,35.7,47.3,58.8,35.4,0.93,10.18
2023-12,2.06,34.1,42.7,51.3,33.9,0.8,6.04
2024-01,6.54,24.4,31,37.7,25.6,0.39,2.39
